schema_fact	subject	object	plausibility_combo	positive_median	negative_median	plausibility_region	year
Gene-causes or contributes to condition-Disease	http://www.ncbi.nlm.nih.gov/gene/10642	http://purl.obolibrary.org/obo/MONDO_0005072	0.9989768425379952	0.9999773010656487	0.284916998656239	uncertain	2023
Gene-causes or contributes to condition-Disease	http://www.ncbi.nlm.nih.gov/gene/10642	http://purl.obolibrary.org/obo/MONDO_0005570	0.6512153883592587	0.9999773010656487	0.284916998656239	uncertain	2024
Gene-causes or contributes to condition-Disease	http://www.ncbi.nlm.nih.gov/gene/10981	http://purl.obolibrary.org/obo/MONDO_0005180	0.968957805959708	0.9999773010656487	0.284916998656239	uncertain	2024
Gene-causes or contributes to condition-Disease	http://www.ncbi.nlm.nih.gov/gene/10981	http://purl.obolibrary.org/obo/MONDO_0011562	0.8374210565411953	0.9999773010656487	0.284916998656239	uncertain	2024
Gene-causes or contributes to condition-Disease	http://www.ncbi.nlm.nih.gov/gene/10981	http://purl.obolibrary.org/obo/MONDO_0014231	0.7217196559816884	0.9999773010656487	0.284916998656239	uncertain	2024
Gene-causes or contributes to condition-Disease	http://www.ncbi.nlm.nih.gov/gene/10981	http://purl.obolibrary.org/obo/MONDO_0014796	0.7864293933575852	0.9999773010656487	0.284916998656239	uncertain	2024
Gene-causes or contributes to condition-Disease	http://www.ncbi.nlm.nih.gov/gene/65018	http://purl.obolibrary.org/obo/MONDO_0002039	0.8817597013164149	0.9999773010656487	0.284916998656239	uncertain	2023
Gene-causes or contributes to condition-Disease	http://www.ncbi.nlm.nih.gov/gene/652	http://purl.obolibrary.org/obo/MONDO_0005298	0.9999773010656487	0.9999773010656487	0.284916998656239	plausible	2023
Gene-causes or contributes to condition-Disease	http://www.ncbi.nlm.nih.gov/gene/652	http://purl.obolibrary.org/obo/MONDO_0008159	0.9979763747483356	0.9999773010656487	0.284916998656239	uncertain	2023
Gene-causes or contributes to condition-Disease	http://www.ncbi.nlm.nih.gov/gene/6662	http://purl.obolibrary.org/obo/MONDO_0001056	0.9639533687876132	0.9999773010656487	0.284916998656239	uncertain	2023
Gene-causes or contributes to condition-Disease	http://www.ncbi.nlm.nih.gov/gene/6662	http://purl.obolibrary.org/obo/MONDO_0004950	0.976964044162002	0.9999773010656487	0.284916998656239	uncertain	2023
Gene-causes or contributes to condition-Disease	http://www.ncbi.nlm.nih.gov/gene/6662	http://purl.obolibrary.org/obo/MONDO_0007648	0.9158782317301342	0.9999773010656487	0.284916998656239	uncertain	2023
Gene-causes or contributes to condition-Disease	http://www.ncbi.nlm.nih.gov/gene/6662	http://purl.obolibrary.org/obo/MONDO_0021085	0.978965453913166	0.9999773010656487	0.284916998656239	uncertain	2023
Gene-causes or contributes to condition-Disease	http://www.ncbi.nlm.nih.gov/gene/6678	http://purl.obolibrary.org/obo/MONDO_0005960	0.7698396332400441	0.9999773010656487	0.284916998656239	uncertain	2024
Gene-causes or contributes to condition-Disease	http://www.ncbi.nlm.nih.gov/gene/6678	http://purl.obolibrary.org/obo/MONDO_0006653	0.8787448496583632	0.9999773010656487	0.284916998656239	uncertain	2024
Gene-causes or contributes to condition-Disease	http://www.ncbi.nlm.nih.gov/gene/6678	http://purl.obolibrary.org/obo/MONDO_0006654	0.8787448496583632	0.9999773010656487	0.284916998656239	uncertain	2024
Gene-causes or contributes to condition-Disease	http://www.ncbi.nlm.nih.gov/gene/6678	http://purl.obolibrary.org/obo/MONDO_0008346	0.8666756852361943	0.9999773010656487	0.284916998656239	uncertain	2024
Gene-causes or contributes to condition-Disease	http://www.ncbi.nlm.nih.gov/gene/6678	http://purl.obolibrary.org/obo/MONDO_0015926	0.7822990271485413	0.9999773010656487	0.284916998656239	uncertain	2024
Gene-causes or contributes to condition-Disease	http://www.ncbi.nlm.nih.gov/gene/6678	http://purl.obolibrary.org/obo/MONDO_0016466	0.8283070370806811	0.9999773010656487	0.284916998656239	uncertain	2024
Gene-causes or contributes to condition-Disease	http://www.ncbi.nlm.nih.gov/gene/6774	http://purl.obolibrary.org/obo/MONDO_0005359	0.9999773010656487	0.9999773010656487	0.284916998656239	plausible	2024
Gene-causes or contributes to condition-Disease	http://www.ncbi.nlm.nih.gov/gene/7015	http://purl.obolibrary.org/obo/MONDO_0001913	0.9999773010656487	0.9999773010656487	0.284916998656239	plausible	2023
Gene-causes or contributes to condition-Disease	http://www.ncbi.nlm.nih.gov/gene/7015	http://purl.obolibrary.org/obo/MONDO_0002909	0.9999773010656487	0.9999773010656487	0.284916998656239	plausible	2024
Gene-causes or contributes to condition-Disease	http://www.ncbi.nlm.nih.gov/gene/7015	http://purl.obolibrary.org/obo/MONDO_0010763	0.7315817997696961	0.9999773010656487	0.284916998656239	uncertain	2023
Gene-causes or contributes to condition-Disease	http://www.ncbi.nlm.nih.gov/gene/7040	http://purl.obolibrary.org/obo/MONDO_0005393	0.9979763747483356	0.9999773010656487	0.284916998656239	uncertain	2023
Gene-causes or contributes to condition-Disease	http://www.ncbi.nlm.nih.gov/gene/79068	http://purl.obolibrary.org/obo/MONDO_0005960	0.7272173406639542	0.9999773010656487	0.284916998656239	uncertain	2023
Gene-causes or contributes to condition-Disease	http://www.ncbi.nlm.nih.gov/gene/79068	http://purl.obolibrary.org/obo/MONDO_0006653	0.6577639833676779	0.9999773010656487	0.284916998656239	uncertain	2023
Gene-causes or contributes to condition-Disease	http://www.ncbi.nlm.nih.gov/gene/79068	http://purl.obolibrary.org/obo/MONDO_0006654	0.6512153883592587	0.9999773010656487	0.284916998656239	uncertain	2023
Gene-causes or contributes to condition-Disease	http://www.ncbi.nlm.nih.gov/gene/79068	http://purl.obolibrary.org/obo/MONDO_0008346	0.7116914196603307	0.9999773010656487	0.284916998656239	uncertain	2023
Gene-causes or contributes to condition-Disease	http://www.ncbi.nlm.nih.gov/gene/79068	http://purl.obolibrary.org/obo/MONDO_0015926	0.7487839457665406	0.9999773010656487	0.284916998656239	uncertain	2023
Gene-causes or contributes to condition-Disease	http://www.ncbi.nlm.nih.gov/gene/79068	http://purl.obolibrary.org/obo/MONDO_0016466	0.5638922291446536	0.9999773010656487	0.284916998656239	uncertain	2023
Gene-causes or contributes to condition-Disease	http://www.ncbi.nlm.nih.gov/gene/80161	http://purl.obolibrary.org/obo/MONDO_0002367	0.6826833513865469	0.9999773010656487	0.284916998656239	uncertain	2023
Gene-causes or contributes to condition-Disease	http://www.ncbi.nlm.nih.gov/gene/80161	http://purl.obolibrary.org/obo/MONDO_0021163	0.6654401413991184	0.9999773010656487	0.284916998656239	uncertain	2023
Gene-causes or contributes to condition-Disease	http://www.ncbi.nlm.nih.gov/gene/824	http://purl.obolibrary.org/obo/MONDO_0004933	0.6826833513865469	0.9999773010656487	0.284916998656239	uncertain	2023
Gene-causes or contributes to condition-Disease	http://www.ncbi.nlm.nih.gov/gene/824	http://purl.obolibrary.org/obo/MONDO_0005584	0.7272173406639542	0.9999773010656487	0.284916998656239	uncertain	2023
Gene-causes or contributes to condition-Disease	http://www.ncbi.nlm.nih.gov/gene/824	http://purl.obolibrary.org/obo/MONDO_0009433	0.6218943634048668	0.9999773010656487	0.284916998656239	uncertain	2023
Gene-causes or contributes to condition-Disease	http://www.ncbi.nlm.nih.gov/gene/8609	http://purl.obolibrary.org/obo/MONDO_0021074	0.6390373330235931	0.9999773010656487	0.284916998656239	uncertain	2024
Gene-causes or contributes to condition-Disease	http://www.ncbi.nlm.nih.gov/gene/9474	http://purl.obolibrary.org/obo/MONDO_0007060	0.6956868219460591	0.9999773010656487	0.284916998656239	uncertain	2023
Gene-causes or contributes to condition-Disease	http://www.ncbi.nlm.nih.gov/gene/9547	http://purl.obolibrary.org/obo/MONDO_0005359	0.9989768425379952	0.9999773010656487	0.284916998656239	uncertain	2024
Gene-causes or contributes to condition-Disease	http://www.ncbi.nlm.nih.gov/gene/994	http://purl.obolibrary.org/obo/MONDO_0005082	0.9879711443543252	0.9999773010656487	0.284916998656239	uncertain	2024
Gene-causes or contributes to condition-Disease	http://www.ncbi.nlm.nih.gov/gene/994	http://purl.obolibrary.org/obo/MONDO_0008315	0.98897171570207	0.9999773010656487	0.284916998656239	uncertain	2024
Gene-causes or contributes to condition-Disease	http://www.ncbi.nlm.nih.gov/gene/994	http://purl.obolibrary.org/obo/MONDO_0011098	0.9829681097731372	0.9999773010656487	0.284916998656239	uncertain	2024
Gene-causes or contributes to condition-Disease	http://www.ncbi.nlm.nih.gov/gene/994	http://purl.obolibrary.org/obo/MONDO_0012094	0.978965453913166	0.9999773010656487	0.284916998656239	uncertain	2024
Gene-causes or contributes to condition-Disease	http://www.ncbi.nlm.nih.gov/gene/994	http://purl.obolibrary.org/obo/MONDO_0012470	0.9879711443543252	0.9999773010656487	0.284916998656239	uncertain	2024
Gene-causes or contributes to condition-Disease	http://www.ncbi.nlm.nih.gov/gene/994	http://purl.obolibrary.org/obo/MONDO_0012597	0.9849693601301917	0.9999773010656487	0.284916998656239	uncertain	2024
Gene-causes or contributes to condition-Disease	http://www.ncbi.nlm.nih.gov/gene/994	http://purl.obolibrary.org/obo/MONDO_0012741	0.986970561465936	0.9999773010656487	0.284916998656239	uncertain	2024
Gene-causes or contributes to condition-Disease	http://www.ncbi.nlm.nih.gov/gene/994	http://purl.obolibrary.org/obo/MONDO_0012758	0.9859699668038208	0.9999773010656487	0.284916998656239	uncertain	2024
Gene-causes or contributes to condition-Disease	http://www.ncbi.nlm.nih.gov/gene/994	http://purl.obolibrary.org/obo/MONDO_0021259	0.9909728246849776	0.9999773010656487	0.284916998656239	uncertain	2024
Gene-causes or contributes to condition-Disease	http://www.ncbi.nlm.nih.gov/gene/994	http://purl.obolibrary.org/obo/MONDO_0023122	0.9849693601301917	0.9999773010656487	0.284916998656239	uncertain	2024
Gene-causes or contributes to condition-Disease	http://www.ncbi.nlm.nih.gov/gene/994	http://purl.obolibrary.org/obo/MONDO_0700275	0.9759633178591812	0.9999773010656487	0.284916998656239	uncertain	2024
Gene-causes or contributes to condition-Disease	http://www.ncbi.nlm.nih.gov/gene/9966	http://purl.obolibrary.org/obo/MONDO_0000708	0.9999773010656487	0.9999773010656487	0.284916998656239	plausible	2023
Gene-causes or contributes to condition-Disease	http://www.ncbi.nlm.nih.gov/gene/9966	http://purl.obolibrary.org/obo/MONDO_0000710	0.9999773010656487	0.9999773010656487	0.284916998656239	plausible	2023
miRNA-under expressed in-Disease	https://rnacentral.org/rna/URS0000001A7A_9606	http://purl.obolibrary.org/obo/MONDO_0005595	0.2103012014475098	0.6017118031019011	0.1893438790232218	uncertain	2023
miRNA-under expressed in-Disease	https://rnacentral.org/rna/URS0000016914_9606	http://purl.obolibrary.org/obo/MONDO_0005096	0.4113266696436732	0.6017118031019011	0.1893438790232218	uncertain	2024
miRNA-under expressed in-Disease	https://rnacentral.org/rna/URS000004F5D8_9606	http://purl.obolibrary.org/obo/MONDO_0005233	0.5632285776703256	0.6017118031019011	0.1893438790232218	uncertain	2023
miRNA-under expressed in-Disease	https://rnacentral.org/rna/URS000004F5D8_9606	http://purl.obolibrary.org/obo/MONDO_0008977	0.2570439758895279	0.6017118031019011	0.1893438790232218	uncertain	2023
miRNA-under expressed in-Disease	https://rnacentral.org/rna/URS00000C85B2_9606	http://purl.obolibrary.org/obo/MONDO_0002623	0.553317826275748	0.6017118031019011	0.1893438790232218	uncertain	2023
miRNA-under expressed in-Disease	https://rnacentral.org/rna/URS00000C85B2_9606	http://purl.obolibrary.org/obo/MONDO_0009807	0.5587403293950195	0.6017118031019011	0.1893438790232218	uncertain	2023
miRNA-under expressed in-Disease	https://rnacentral.org/rna/URS00000DDD35_9606	http://purl.obolibrary.org/obo/MONDO_0004987	0.5239863822526536	0.6017118031019011	0.1893438790232218	uncertain	2023
miRNA-under expressed in-Disease	https://rnacentral.org/rna/URS0000171CD1_9606	http://purl.obolibrary.org/obo/MONDO_0005096	0.4820375301032437	0.6017118031019011	0.1893438790232218	uncertain	2024
miRNA-under expressed in-Disease	https://rnacentral.org/rna/URS000017EE98_9606	http://purl.obolibrary.org/obo/MONDO_0005159	0.5962095061712671	0.6017118031019011	0.1893438790232218	uncertain	2023
miRNA-under expressed in-Disease	https://rnacentral.org/rna/URS000017EE98_9606	http://purl.obolibrary.org/obo/MONDO_0008315	0.5504648880399383	0.6017118031019011	0.1893438790232218	uncertain	2023
miRNA-under expressed in-Disease	https://rnacentral.org/rna/URS000018B0EE_9606	http://purl.obolibrary.org/obo/MONDO_0024331	0.5233885135436757	0.6017118031019011	0.1893438790232218	uncertain	2023
miRNA-under expressed in-Disease	https://rnacentral.org/rna/URS00002130B2_9606	http://purl.obolibrary.org/obo/MONDO_0008977	0.2099145578101817	0.6017118031019011	0.1893438790232218	uncertain	2023
miRNA-under expressed in-Disease	https://rnacentral.org/rna/URS0000233054_9606	http://purl.obolibrary.org/obo/MONDO_0005233	0.5625181697701561	0.6017118031019011	0.1893438790232218	uncertain	2023
miRNA-under expressed in-Disease	https://rnacentral.org/rna/URS0000245997_9606	http://purl.obolibrary.org/obo/MONDO_0005233	0.5624032475707212	0.6017118031019011	0.1893438790232218	uncertain	2023
miRNA-under expressed in-Disease	https://rnacentral.org/rna/URS000032015F_9606	http://purl.obolibrary.org/obo/MONDO_0005105	0.490131248987034	0.6017118031019011	0.1893438790232218	uncertain	2023
miRNA-under expressed in-Disease	https://rnacentral.org/rna/URS000037EC34_9606	http://purl.obolibrary.org/obo/MONDO_0007576	0.5375984814740398	0.6017118031019011	0.1893438790232218	uncertain	2023
miRNA-under expressed in-Disease	https://rnacentral.org/rna/URS000037EC34_9606	http://purl.obolibrary.org/obo/MONDO_0019086	0.5100763952596408	0.6017118031019011	0.1893438790232218	uncertain	2023
miRNA-under expressed in-Disease	https://rnacentral.org/rna/URS000039AE8A_9606	http://purl.obolibrary.org/obo/MONDO_0002108	0.5017493089794083	0.6017118031019011	0.1893438790232218	uncertain	2023
miRNA-under expressed in-Disease	https://rnacentral.org/rna/URS000039AE8A_9606	http://purl.obolibrary.org/obo/MONDO_0002447	0.4600850021688074	0.6017118031019011	0.1893438790232218	uncertain	2023
miRNA-under expressed in-Disease	https://rnacentral.org/rna/URS000039AE8A_9606	http://purl.obolibrary.org/obo/MONDO_0006003	0.7800372166578772	0.6017118031019011	0.1893438790232218	plausible	2023
miRNA-under expressed in-Disease	https://rnacentral.org/rna/URS000039AE8A_9606	http://purl.obolibrary.org/obo/MONDO_0011962	0.550567764255312	0.6017118031019011	0.1893438790232218	uncertain	2023
miRNA-under expressed in-Disease	https://rnacentral.org/rna/URS000039AE8A_9606	http://purl.obolibrary.org/obo/MONDO_0015075	0.5417516035789665	0.6017118031019011	0.1893438790232218	uncertain	2023
miRNA-under expressed in-Disease	https://rnacentral.org/rna/URS000039E12D_9606	http://purl.obolibrary.org/obo/MONDO_0011996	0.3699106592782926	0.6017118031019011	0.1893438790232218	uncertain	2023
miRNA-under expressed in-Disease	https://rnacentral.org/rna/URS000039E1E1_9606	http://purl.obolibrary.org/obo/MONDO_0005233	0.5461649987455678	0.6017118031019011	0.1893438790232218	uncertain	2023
miRNA-under expressed in-Disease	https://rnacentral.org/rna/URS0000416056_9606	http://purl.obolibrary.org/obo/MONDO_0005233	0.5681479086389543	0.6017118031019011	0.1893438790232218	uncertain	2023
miRNA-under expressed in-Disease	https://rnacentral.org/rna/URS0000416056_9606	http://purl.obolibrary.org/obo/MONDO_0008977	0.0801313395277406	0.6017118031019011	0.1893438790232218	implausible	2023
miRNA-under expressed in-Disease	https://rnacentral.org/rna/URS000041CB9C_9606	http://purl.obolibrary.org/obo/MONDO_0005159	0.5393917089785386	0.6017118031019011	0.1893438790232218	uncertain	2023
miRNA-under expressed in-Disease	https://rnacentral.org/rna/URS000041CB9C_9606	http://purl.obolibrary.org/obo/MONDO_0008315	0.5558319851103772	0.6017118031019011	0.1893438790232218	uncertain	2023
miRNA-under expressed in-Disease	https://rnacentral.org/rna/URS000043D261_9606	http://purl.obolibrary.org/obo/MONDO_0002974	0.5767056841456257	0.6017118031019011	0.1893438790232218	uncertain	2023
miRNA-under expressed in-Disease	https://rnacentral.org/rna/URS000043D261_9606	http://purl.obolibrary.org/obo/MONDO_0005131	0.539615259409671	0.6017118031019011	0.1893438790232218	uncertain	2023
miRNA-under expressed in-Disease	https://rnacentral.org/rna/URS000048795E_9606	http://purl.obolibrary.org/obo/MONDO_0001056	0.5492444511988867	0.6017118031019011	0.1893438790232218	uncertain	2023
miRNA-under expressed in-Disease	https://rnacentral.org/rna/URS000048795E_9606	http://purl.obolibrary.org/obo/MONDO_0004950	0.5551286407488744	0.6017118031019011	0.1893438790232218	uncertain	2023
miRNA-under expressed in-Disease	https://rnacentral.org/rna/URS00004A6370_9606	http://purl.obolibrary.org/obo/MONDO_0024331	0.5194925993803566	0.6017118031019011	0.1893438790232218	uncertain	2023
miRNA-under expressed in-Disease	https://rnacentral.org/rna/URS00004BFD1E_9606	http://purl.obolibrary.org/obo/MONDO_0007256	0.5146029783159061	0.6017118031019011	0.1893438790232218	uncertain	2023
miRNA-under expressed in-Disease	https://rnacentral.org/rna/URS00004F4657_9606	http://purl.obolibrary.org/obo/MONDO_0005341	0.3756987230727681	0.6017118031019011	0.1893438790232218	uncertain	2024
miRNA-under expressed in-Disease	https://rnacentral.org/rna/URS00004F4657_9606	http://purl.obolibrary.org/obo/MONDO_0020804	0.5228465098882973	0.6017118031019011	0.1893438790232218	uncertain	2024
miRNA-under expressed in-Disease	https://rnacentral.org/rna/URS00005677F7_9606	http://purl.obolibrary.org/obo/MONDO_0002974	0.5363967396978926	0.6017118031019011	0.1893438790232218	uncertain	2023
miRNA-under expressed in-Disease	https://rnacentral.org/rna/URS00005677F7_9606	http://purl.obolibrary.org/obo/MONDO_0005131	0.5341642228818753	0.6017118031019011	0.1893438790232218	uncertain	2023
miRNA-under expressed in-Disease	https://rnacentral.org/rna/URS00005FDE16_9606	http://purl.obolibrary.org/obo/MONDO_0005068	0.5471989798818521	0.6017118031019011	0.1893438790232218	uncertain	2023
miRNA-under expressed in-Disease	https://rnacentral.org/rna/URS000062749E_9606	http://purl.obolibrary.org/obo/MONDO_0004986	0.5658752108518728	0.6017118031019011	0.1893438790232218	uncertain	2023
miRNA-under expressed in-Disease	https://rnacentral.org/rna/URS000062749E_9606	http://purl.obolibrary.org/obo/MONDO_0005233	0.5590112434114212	0.6017118031019011	0.1893438790232218	uncertain	2023
miRNA-under expressed in-Disease	https://rnacentral.org/rna/URS000062749E_9606	http://purl.obolibrary.org/obo/MONDO_0022578	0.5295407927589646	0.6017118031019011	0.1893438790232218	uncertain	2023
miRNA-under expressed in-Disease	https://rnacentral.org/rna/URS000062BB4A_9606	http://purl.obolibrary.org/obo/MONDO_0005075	0.4536452870783277	0.6017118031019011	0.1893438790232218	uncertain	2023
miRNA-under expressed in-Disease	https://rnacentral.org/rna/URS000063D0D0_9606	http://purl.obolibrary.org/obo/MONDO_0008977	0.2328693440556853	0.6017118031019011	0.1893438790232218	uncertain	2023
miRNA-under expressed in-Disease	https://rnacentral.org/rna/URS0000668846_9606	http://purl.obolibrary.org/obo/MONDO_0005341	0.0665418985030917	0.6017118031019011	0.1893438790232218	implausible	2024
miRNA-under expressed in-Disease	https://rnacentral.org/rna/URS0000668846_9606	http://purl.obolibrary.org/obo/MONDO_0020804	0.1871101837309396	0.6017118031019011	0.1893438790232218	implausible	2024
miRNA-under expressed in-Disease	https://rnacentral.org/rna/URS000067E604_9606	http://purl.obolibrary.org/obo/MONDO_0005298	0.4710698550179492	0.6017118031019011	0.1893438790232218	uncertain	2023
miRNA-under expressed in-Disease	https://rnacentral.org/rna/URS0000689179_9606	http://purl.obolibrary.org/obo/MONDO_0011996	0.1169624964317466	0.6017118031019011	0.1893438790232218	implausible	2023
miRNA-under expressed in-Disease	https://rnacentral.org/rna/URS00006A8564_9606	http://purl.obolibrary.org/obo/MONDO_0005105	0.5632555594914566	0.6017118031019011	0.1893438790232218	uncertain	2023
miRNA-under expressed in-Disease	https://rnacentral.org/rna/URS00006BBE85_9606	http://purl.obolibrary.org/obo/MONDO_0011996	0.1223916179066051	0.6017118031019011	0.1893438790232218	implausible	2023
miRNA-under expressed in-Disease	https://rnacentral.org/rna/URS000070F95C_9606	http://purl.obolibrary.org/obo/MONDO_0007576	0.4953378777557927	0.6017118031019011	0.1893438790232218	uncertain	2023
miRNA-under expressed in-Disease	https://rnacentral.org/rna/URS000070F95C_9606	http://purl.obolibrary.org/obo/MONDO_0019086	0.4957935204872373	0.6017118031019011	0.1893438790232218	uncertain	2023
miRNA-under expressed in-Disease	https://rnacentral.org/rna/URS000070FC11_9606	http://purl.obolibrary.org/obo/MONDO_0005159	0.3704778016975381	0.6017118031019011	0.1893438790232218	uncertain	2023
miRNA-under expressed in-Disease	https://rnacentral.org/rna/URS000070FC11_9606	http://purl.obolibrary.org/obo/MONDO_0008315	0.2941082843012489	0.6017118031019011	0.1893438790232218	uncertain	2023
miRNA-under expressed in-Disease	https://rnacentral.org/rna/URS000071C6FC_9606	http://purl.obolibrary.org/obo/MONDO_0011996	0.1252149179767174	0.6017118031019011	0.1893438790232218	implausible	2023
miRNA-under expressed in-Disease	https://rnacentral.org/rna/URS000072D134_9606	http://purl.obolibrary.org/obo/MONDO_0002623	0.5312809436166878	0.6017118031019011	0.1893438790232218	uncertain	2023
miRNA-under expressed in-Disease	https://rnacentral.org/rna/URS000072D134_9606	http://purl.obolibrary.org/obo/MONDO_0009807	0.5395763880670922	0.6017118031019011	0.1893438790232218	uncertain	2023
miRNA-under expressed in-Disease	https://rnacentral.org/rna/URS0000759FEB_9606	http://purl.obolibrary.org/obo/MONDO_0004986	0.6014231214635156	0.6017118031019011	0.1893438790232218	uncertain	2023
miRNA-under expressed in-Disease	https://rnacentral.org/rna/URS0000759FEB_9606	http://purl.obolibrary.org/obo/MONDO_0011996	0.0663542025015699	0.6017118031019011	0.1893438790232218	implausible	2023
miRNA-under expressed in-Disease	https://rnacentral.org/rna/URS0000759FEB_9606	http://purl.obolibrary.org/obo/MONDO_0022578	0.6246023677856196	0.6017118031019011	0.1893438790232218	plausible	2023
miRNA-under expressed in-Disease	https://rnacentral.org/rna/URS000075A1A8_9606	http://purl.obolibrary.org/obo/MONDO_0005580	0.4943732953287003	0.6017118031019011	0.1893438790232218	uncertain	2023
miRNA-under expressed in-Disease	https://rnacentral.org/rna/URS000075A310_9606	http://purl.obolibrary.org/obo/MONDO_0005580	0.3987642942262492	0.6017118031019011	0.1893438790232218	uncertain	2023
miRNA-under expressed in-Disease	https://rnacentral.org/rna/URS000075A41B_9606	http://purl.obolibrary.org/obo/MONDO_0001056	0.4217636943126467	0.6017118031019011	0.1893438790232218	uncertain	2023
miRNA-under expressed in-Disease	https://rnacentral.org/rna/URS000075A41B_9606	http://purl.obolibrary.org/obo/MONDO_0004950	0.4137518641266103	0.6017118031019011	0.1893438790232218	uncertain	2023
miRNA-under expressed in-Disease	https://rnacentral.org/rna/URS000075A884_9606	http://purl.obolibrary.org/obo/MONDO_0004986	0.5636545818457808	0.6017118031019011	0.1893438790232218	uncertain	2023
miRNA-under expressed in-Disease	https://rnacentral.org/rna/URS000075A884_9606	http://purl.obolibrary.org/obo/MONDO_0022578	0.5627945558568751	0.6017118031019011	0.1893438790232218	uncertain	2023
miRNA-under expressed in-Disease	https://rnacentral.org/rna/URS000075ADBF_9606	http://purl.obolibrary.org/obo/MONDO_0005341	0.3166260781101911	0.6017118031019011	0.1893438790232218	uncertain	2024
miRNA-under expressed in-Disease	https://rnacentral.org/rna/URS000075ADBF_9606	http://purl.obolibrary.org/obo/MONDO_0020804	0.4017915606832093	0.6017118031019011	0.1893438790232218	uncertain	2024
miRNA-under expressed in-Disease	https://rnacentral.org/rna/URS000075B235_9606	http://purl.obolibrary.org/obo/MONDO_0021042	0.5289933811434782	0.6017118031019011	0.1893438790232218	uncertain	2023
miRNA-under expressed in-Disease	https://rnacentral.org/rna/URS000075B235_9606	http://purl.obolibrary.org/obo/MONDO_0100342	0.5284523722921568	0.6017118031019011	0.1893438790232218	uncertain	2023
miRNA-under expressed in-Disease	https://rnacentral.org/rna/URS000075B243_9606	http://purl.obolibrary.org/obo/MONDO_0005086	0.5520467854016147	0.6017118031019011	0.1893438790232218	uncertain	2023
miRNA-under expressed in-Disease	https://rnacentral.org/rna/URS000075B243_9606	http://purl.obolibrary.org/obo/MONDO_0005549	0.5438652602855958	0.6017118031019011	0.1893438790232218	uncertain	2023
miRNA-under expressed in-Disease	https://rnacentral.org/rna/URS000075B243_9606	http://purl.obolibrary.org/obo/MONDO_0007763	0.5024856117370278	0.6017118031019011	0.1893438790232218	uncertain	2023
miRNA-under expressed in-Disease	https://rnacentral.org/rna/URS000075B66E_9606	http://purl.obolibrary.org/obo/MONDO_0002623	0.5618445957872932	0.6017118031019011	0.1893438790232218	uncertain	2023
miRNA-under expressed in-Disease	https://rnacentral.org/rna/URS000075B66E_9606	http://purl.obolibrary.org/obo/MONDO_0009807	0.5623857171356519	0.6017118031019011	0.1893438790232218	uncertain	2023
miRNA-under expressed in-Disease	https://rnacentral.org/rna/URS000075B715_9606	http://purl.obolibrary.org/obo/MONDO_0004986	0.5347904323263075	0.6017118031019011	0.1893438790232218	uncertain	2023
miRNA-under expressed in-Disease	https://rnacentral.org/rna/URS000075B715_9606	http://purl.obolibrary.org/obo/MONDO_0022578	0.5257142495745646	0.6017118031019011	0.1893438790232218	uncertain	2023
miRNA-under expressed in-Disease	https://rnacentral.org/rna/URS000075B799_9606	http://purl.obolibrary.org/obo/MONDO_0005341	0.4945088710476376	0.6017118031019011	0.1893438790232218	uncertain	2024
miRNA-under expressed in-Disease	https://rnacentral.org/rna/URS000075B799_9606	http://purl.obolibrary.org/obo/MONDO_0020804	0.5243612836851513	0.6017118031019011	0.1893438790232218	uncertain	2024
miRNA-under expressed in-Disease	https://rnacentral.org/rna/URS000075BF8B_9606	http://purl.obolibrary.org/obo/MONDO_0005159	0.5109827296755753	0.6017118031019011	0.1893438790232218	uncertain	2023
miRNA-under expressed in-Disease	https://rnacentral.org/rna/URS000075BF8B_9606	http://purl.obolibrary.org/obo/MONDO_0008315	0.5050371980479526	0.6017118031019011	0.1893438790232218	uncertain	2023
miRNA-under expressed in-Disease	https://rnacentral.org/rna/URS000075C2A0_9606	http://purl.obolibrary.org/obo/MONDO_0005233	0.5451929470342515	0.6017118031019011	0.1893438790232218	uncertain	2023
miRNA-under expressed in-Disease	https://rnacentral.org/rna/URS000075C381_9606	http://purl.obolibrary.org/obo/MONDO_0008977	0.3046383679594276	0.6017118031019011	0.1893438790232218	uncertain	2023
miRNA-under expressed in-Disease	https://rnacentral.org/rna/URS000075C517_9606	http://purl.obolibrary.org/obo/MONDO_0002447	0.4920326798448228	0.6017118031019011	0.1893438790232218	uncertain	2023
miRNA-under expressed in-Disease	https://rnacentral.org/rna/URS000075C517_9606	http://purl.obolibrary.org/obo/MONDO_0006003	0.883169422221397	0.6017118031019011	0.1893438790232218	plausible	2023
miRNA-under expressed in-Disease	https://rnacentral.org/rna/URS000075C517_9606	http://purl.obolibrary.org/obo/MONDO_0011962	0.5405550830705638	0.6017118031019011	0.1893438790232218	uncertain	2023
miRNA-under expressed in-Disease	https://rnacentral.org/rna/URS000075C548_9606	http://purl.obolibrary.org/obo/MONDO_0005341	0.2200159244391922	0.6017118031019011	0.1893438790232218	uncertain	2024
miRNA-under expressed in-Disease	https://rnacentral.org/rna/URS000075C548_9606	http://purl.obolibrary.org/obo/MONDO_0011775	0.2631623858529129	0.6017118031019011	0.1893438790232218	uncertain	2023
miRNA-under expressed in-Disease	https://rnacentral.org/rna/URS000075C548_9606	http://purl.obolibrary.org/obo/MONDO_0015459	0.2495065562752251	0.6017118031019011	0.1893438790232218	uncertain	2023
miRNA-under expressed in-Disease	https://rnacentral.org/rna/URS000075C548_9606	http://purl.obolibrary.org/obo/MONDO_0020804	0.2502674138610644	0.6017118031019011	0.1893438790232218	uncertain	2024
miRNA-under expressed in-Disease	https://rnacentral.org/rna/URS000075C62E_9606	http://purl.obolibrary.org/obo/MONDO_0018177	0.4695411548261391	0.6017118031019011	0.1893438790232218	uncertain	2024
miRNA-under expressed in-Disease	https://rnacentral.org/rna/URS000075C62E_9606	http://purl.obolibrary.org/obo/MONDO_0020690	0.4731833602246931	0.6017118031019011	0.1893438790232218	uncertain	2024
miRNA-under expressed in-Disease	https://rnacentral.org/rna/URS000075C764_9606	http://purl.obolibrary.org/obo/MONDO_0005249	0.2331910328310749	0.6017118031019011	0.1893438790232218	uncertain	2023
miRNA-under expressed in-Disease	https://rnacentral.org/rna/URS000075C8DF_9606	http://purl.obolibrary.org/obo/MONDO_0004986	0.5458386210110846	0.6017118031019011	0.1893438790232218	uncertain	2023
miRNA-under expressed in-Disease	https://rnacentral.org/rna/URS000075C8DF_9606	http://purl.obolibrary.org/obo/MONDO_0022578	0.5314973902530665	0.6017118031019011	0.1893438790232218	uncertain	2023
miRNA-under expressed in-Disease	https://rnacentral.org/rna/URS000075D261_9606	http://purl.obolibrary.org/obo/MONDO_0005105	0.5579684081738974	0.6017118031019011	0.1893438790232218	uncertain	2023
miRNA-under expressed in-Disease	https://rnacentral.org/rna/URS000075DDDD_9606	http://purl.obolibrary.org/obo/MONDO_0005341	0.3300965904062004	0.6017118031019011	0.1893438790232218	uncertain	2024
miRNA-under expressed in-Disease	https://rnacentral.org/rna/URS000075DDDD_9606	http://purl.obolibrary.org/obo/MONDO_0020804	0.3273703206049027	0.6017118031019011	0.1893438790232218	uncertain	2024
miRNA-under expressed in-Disease	https://rnacentral.org/rna/URS000075E6A6_9606	http://purl.obolibrary.org/obo/MONDO_0005140	0.5350714097718337	0.6017118031019011	0.1893438790232218	uncertain	2023
miRNA-under expressed in-Disease	https://rnacentral.org/rna/URS000075E6A6_9606	http://purl.obolibrary.org/obo/MONDO_0008170	0.5071758705201488	0.6017118031019011	0.1893438790232218	uncertain	2023
miRNA-under expressed in-Disease	https://rnacentral.org/rna/URS000075E701_9606	http://purl.obolibrary.org/obo/MONDO_0005575	0.5529037910723148	0.6017118031019011	0.1893438790232218	uncertain	2023
miRNA-under expressed in-Disease	https://rnacentral.org/rna/URS000075E701_9606	http://purl.obolibrary.org/obo/MONDO_0024331	0.5411821082965401	0.6017118031019011	0.1893438790232218	uncertain	2023
miRNA-under expressed in-Disease	https://rnacentral.org/rna/URS000075ECD7_9606	http://purl.obolibrary.org/obo/MONDO_0004986	0.5469469411836202	0.6017118031019011	0.1893438790232218	uncertain	2023
miRNA-under expressed in-Disease	https://rnacentral.org/rna/URS000075ECD7_9606	http://purl.obolibrary.org/obo/MONDO_0022578	0.5477292357136121	0.6017118031019011	0.1893438790232218	uncertain	2023
miRNA-over expressed in-Disease	https://rnacentral.org/rna/URS0000001EB3_9606	http://purl.obolibrary.org/obo/MONDO_0007576	0.3870202628799499	0.5380252668602996	0.2402069959608777	uncertain	2023
miRNA-over expressed in-Disease	https://rnacentral.org/rna/URS0000001EB3_9606	http://purl.obolibrary.org/obo/MONDO_0019086	0.3784219344812168	0.5380252668602996	0.2402069959608777	uncertain	2023
miRNA-over expressed in-Disease	https://rnacentral.org/rna/URS0000016914_9606	http://purl.obolibrary.org/obo/MONDO_0006143	0.4226933945796686	0.5380252668602996	0.2402069959608777	uncertain	2023
miRNA-over expressed in-Disease	https://rnacentral.org/rna/URS000004F5D8_9606	http://purl.obolibrary.org/obo/MONDO_0005575	0.4578179900634841	0.5380252668602996	0.2402069959608777	uncertain	2023
miRNA-over expressed in-Disease	https://rnacentral.org/rna/URS000004F5D8_9606	http://purl.obolibrary.org/obo/MONDO_0024331	0.439273433740951	0.5380252668602996	0.2402069959608777	uncertain	2023
miRNA-over expressed in-Disease	https://rnacentral.org/rna/URS00000600E6_9606	http://purl.obolibrary.org/obo/MONDO_0005341	0.2742509019463087	0.5380252668602996	0.2402069959608777	uncertain	2024
miRNA-over expressed in-Disease	https://rnacentral.org/rna/URS00000600E6_9606	http://purl.obolibrary.org/obo/MONDO_0010150	0.4699079773006588	0.5380252668602996	0.2402069959608777	uncertain	2023
miRNA-over expressed in-Disease	https://rnacentral.org/rna/URS00000600E6_9606	http://purl.obolibrary.org/obo/MONDO_0020804	0.2839543082945717	0.5380252668602996	0.2402069959608777	uncertain	2024
miRNA-over expressed in-Disease	https://rnacentral.org/rna/URS00000AF93C_9606	http://purl.obolibrary.org/obo/MONDO_0005096	0.2574014712934125	0.5380252668602996	0.2402069959608777	uncertain	2023
miRNA-over expressed in-Disease	https://rnacentral.org/rna/URS00000AF93C_9606	http://purl.obolibrary.org/obo/MONDO_0006047	0.5613585360841108	0.5380252668602996	0.2402069959608777	plausible	2023
miRNA-over expressed in-Disease	https://rnacentral.org/rna/URS00000C85B2_9606	http://purl.obolibrary.org/obo/MONDO_0010150	0.4744939397103351	0.5380252668602996	0.2402069959608777	uncertain	2023
miRNA-over expressed in-Disease	https://rnacentral.org/rna/URS00000DDD35_9606	http://purl.obolibrary.org/obo/MONDO_0005341	0.2987650192252643	0.5380252668602996	0.2402069959608777	uncertain	2024
miRNA-over expressed in-Disease	https://rnacentral.org/rna/URS00000DDD35_9606	http://purl.obolibrary.org/obo/MONDO_0020804	0.2942223465670585	0.5380252668602996	0.2402069959608777	uncertain	2024
miRNA-over expressed in-Disease	https://rnacentral.org/rna/URS0000171525_9606	http://purl.obolibrary.org/obo/MONDO_0002032	0.3338786059164092	0.5380252668602996	0.2402069959608777	uncertain	2023
miRNA-over expressed in-Disease	https://rnacentral.org/rna/URS0000171525_9606	http://purl.obolibrary.org/obo/MONDO_0021063	0.3245802179458662	0.5380252668602996	0.2402069959608777	uncertain	2023
miRNA-over expressed in-Disease	https://rnacentral.org/rna/URS0000171CD1_9606	http://purl.obolibrary.org/obo/MONDO_0007576	0.4564390418437108	0.5380252668602996	0.2402069959608777	uncertain	2023
miRNA-over expressed in-Disease	https://rnacentral.org/rna/URS0000171CD1_9606	http://purl.obolibrary.org/obo/MONDO_0019086	0.4555108166563933	0.5380252668602996	0.2402069959608777	uncertain	2023
miRNA-over expressed in-Disease	https://rnacentral.org/rna/URS0000171CD1_9606	http://purl.obolibrary.org/obo/MONDO_0021042	0.4635246670491269	0.5380252668602996	0.2402069959608777	uncertain	2023
miRNA-over expressed in-Disease	https://rnacentral.org/rna/URS0000171CD1_9606	http://purl.obolibrary.org/obo/MONDO_0100342	0.4638121118341878	0.5380252668602996	0.2402069959608777	uncertain	2023
miRNA-over expressed in-Disease	https://rnacentral.org/rna/URS0000233054_9606	http://purl.obolibrary.org/obo/MONDO_0005096	0.3261647589342593	0.5380252668602996	0.2402069959608777	uncertain	2023
miRNA-over expressed in-Disease	https://rnacentral.org/rna/URS0000233054_9606	http://purl.obolibrary.org/obo/MONDO_0007576	0.551123211302721	0.5380252668602996	0.2402069959608777	plausible	2023
miRNA-over expressed in-Disease	https://rnacentral.org/rna/URS0000233054_9606	http://purl.obolibrary.org/obo/MONDO_0019086	0.5298341335141841	0.5380252668602996	0.2402069959608777	uncertain	2023
miRNA-over expressed in-Disease	https://rnacentral.org/rna/URS0000245997_9606	http://purl.obolibrary.org/obo/MONDO_0005096	0.2600154409599475	0.5380252668602996	0.2402069959608777	uncertain	2023
miRNA-over expressed in-Disease	https://rnacentral.org/rna/URS0000245997_9606	http://purl.obolibrary.org/obo/MONDO_0006047	0.5366618388848399	0.5380252668602996	0.2402069959608777	uncertain	2023
miRNA-over expressed in-Disease	https://rnacentral.org/rna/URS000032AA22_9606	http://purl.obolibrary.org/obo/MONDO_0005341	0.2660841951264773	0.5380252668602996	0.2402069959608777	uncertain	2024
miRNA-over expressed in-Disease	https://rnacentral.org/rna/URS000032AA22_9606	http://purl.obolibrary.org/obo/MONDO_0020804	0.3154900622610669	0.5380252668602996	0.2402069959608777	uncertain	2024
miRNA-over expressed in-Disease	https://rnacentral.org/rna/URS000033F823_9606	http://purl.obolibrary.org/obo/MONDO_0001056	0.5247028355760941	0.5380252668602996	0.2402069959608777	uncertain	2023
miRNA-over expressed in-Disease	https://rnacentral.org/rna/URS000033F823_9606	http://purl.obolibrary.org/obo/MONDO_0004950	0.5243502797800073	0.5380252668602996	0.2402069959608777	uncertain	2023
miRNA-over expressed in-Disease	https://rnacentral.org/rna/URS000033F823_9606	http://purl.obolibrary.org/obo/MONDO_0005005	0.5291590079162469	0.5380252668602996	0.2402069959608777	uncertain	2024
miRNA-over expressed in-Disease	https://rnacentral.org/rna/URS000033F823_9606	http://purl.obolibrary.org/obo/MONDO_0005096	0.2915324292812448	0.5380252668602996	0.2402069959608777	uncertain	2023
miRNA-over expressed in-Disease	https://rnacentral.org/rna/URS0000394A9E_9606	http://purl.obolibrary.org/obo/MONDO_0002623	0.4707352228220921	0.5380252668602996	0.2402069959608777	uncertain	2023
miRNA-over expressed in-Disease	https://rnacentral.org/rna/URS0000394A9E_9606	http://purl.obolibrary.org/obo/MONDO_0005341	0.3023181265629981	0.5380252668602996	0.2402069959608777	uncertain	2024
miRNA-over expressed in-Disease	https://rnacentral.org/rna/URS0000394A9E_9606	http://purl.obolibrary.org/obo/MONDO_0009807	0.4482620251207573	0.5380252668602996	0.2402069959608777	uncertain	2023
miRNA-over expressed in-Disease	https://rnacentral.org/rna/URS0000394A9E_9606	http://purl.obolibrary.org/obo/MONDO_0020804	0.2898692066259696	0.5380252668602996	0.2402069959608777	uncertain	2024
miRNA-over expressed in-Disease	https://rnacentral.org/rna/URS000039E12D_9606	http://purl.obolibrary.org/obo/MONDO_0005341	0.3107962850182915	0.5380252668602996	0.2402069959608777	uncertain	2024
miRNA-over expressed in-Disease	https://rnacentral.org/rna/URS000039E12D_9606	http://purl.obolibrary.org/obo/MONDO_0007576	0.4191184691984805	0.5380252668602996	0.2402069959608777	uncertain	2023
miRNA-over expressed in-Disease	https://rnacentral.org/rna/URS000039E12D_9606	http://purl.obolibrary.org/obo/MONDO_0019086	0.3775138840642265	0.5380252668602996	0.2402069959608777	uncertain	2023
miRNA-over expressed in-Disease	https://rnacentral.org/rna/URS000039E12D_9606	http://purl.obolibrary.org/obo/MONDO_0020804	0.3139633919126078	0.5380252668602996	0.2402069959608777	uncertain	2024
miRNA-over expressed in-Disease	https://rnacentral.org/rna/URS00003B0CDB_9606	http://purl.obolibrary.org/obo/MONDO_0005341	0.2871552318069345	0.5380252668602996	0.2402069959608777	uncertain	2024
miRNA-over expressed in-Disease	https://rnacentral.org/rna/URS00003B0CDB_9606	http://purl.obolibrary.org/obo/MONDO_0020804	0.2942358020006215	0.5380252668602996	0.2402069959608777	uncertain	2024
miRNA-over expressed in-Disease	https://rnacentral.org/rna/URS0000416056_9606	http://purl.obolibrary.org/obo/MONDO_0005575	0.5365212394536042	0.5380252668602996	0.2402069959608777	uncertain	2023
miRNA-over expressed in-Disease	https://rnacentral.org/rna/URS0000416056_9606	http://purl.obolibrary.org/obo/MONDO_0024331	0.537230460730533	0.5380252668602996	0.2402069959608777	uncertain	2023
miRNA-over expressed in-Disease	https://rnacentral.org/rna/URS000041CB9C_9606	http://purl.obolibrary.org/obo/MONDO_0005233	0.4795090264487209	0.5380252668602996	0.2402069959608777	uncertain	2023
miRNA-over expressed in-Disease	https://rnacentral.org/rna/URS00004F4657_9606	http://purl.obolibrary.org/obo/MONDO_0002447	0.3372016728985347	0.5380252668602996	0.2402069959608777	uncertain	2023
miRNA-over expressed in-Disease	https://rnacentral.org/rna/URS00004F4657_9606	http://purl.obolibrary.org/obo/MONDO_0006003	0.6475338008880285	0.5380252668602996	0.2402069959608777	plausible	2023
miRNA-over expressed in-Disease	https://rnacentral.org/rna/URS00004F4657_9606	http://purl.obolibrary.org/obo/MONDO_0011962	0.3491921040568425	0.5380252668602996	0.2402069959608777	uncertain	2023
miRNA-over expressed in-Disease	https://rnacentral.org/rna/URS00005FDE16_9606	http://purl.obolibrary.org/obo/MONDO_0007576	0.5161349375877075	0.5380252668602996	0.2402069959608777	uncertain	2023
miRNA-over expressed in-Disease	https://rnacentral.org/rna/URS00005FDE16_9606	http://purl.obolibrary.org/obo/MONDO_0019086	0.4980939345397726	0.5380252668602996	0.2402069959608777	uncertain	2023
miRNA-over expressed in-Disease	https://rnacentral.org/rna/URS000062749E_9606	http://purl.obolibrary.org/obo/MONDO_0005096	0.3637020989842125	0.5380252668602996	0.2402069959608777	uncertain	2023
miRNA-over expressed in-Disease	https://rnacentral.org/rna/URS000062749E_9606	http://purl.obolibrary.org/obo/MONDO_0007650	0.0935979214514355	0.5380252668602996	0.2402069959608777	implausible	2023
miRNA-over expressed in-Disease	https://rnacentral.org/rna/URS000064FA6C_9606	http://purl.obolibrary.org/obo/MONDO_0001056	0.2587346478424393	0.5380252668602996	0.2402069959608777	uncertain	2023
miRNA-over expressed in-Disease	https://rnacentral.org/rna/URS000064FA6C_9606	http://purl.obolibrary.org/obo/MONDO_0004950	0.293196981657504	0.5380252668602996	0.2402069959608777	uncertain	2023
miRNA-over expressed in-Disease	https://rnacentral.org/rna/URS00006BE831_9606	http://purl.obolibrary.org/obo/MONDO_0004986	0.2900295366601488	0.5380252668602996	0.2402069959608777	uncertain	2023
miRNA-over expressed in-Disease	https://rnacentral.org/rna/URS00006BE831_9606	http://purl.obolibrary.org/obo/MONDO_0022578	0.3384595419820336	0.5380252668602996	0.2402069959608777	uncertain	2023
miRNA-over expressed in-Disease	https://rnacentral.org/rna/URS00006BFE9D_9606	http://purl.obolibrary.org/obo/MONDO_0007576	0.3438027564148025	0.5380252668602996	0.2402069959608777	uncertain	2023
miRNA-over expressed in-Disease	https://rnacentral.org/rna/URS00006BFE9D_9606	http://purl.obolibrary.org/obo/MONDO_0019086	0.3161807670336032	0.5380252668602996	0.2402069959608777	uncertain	2023
miRNA-over expressed in-Disease	https://rnacentral.org/rna/URS00006DC233_9606	http://purl.obolibrary.org/obo/MONDO_0005233	0.2829371340849165	0.5380252668602996	0.2402069959608777	uncertain	2023
miRNA-over expressed in-Disease	https://rnacentral.org/rna/URS0000725398_9606	http://purl.obolibrary.org/obo/MONDO_0001056	0.270506257177467	0.5380252668602996	0.2402069959608777	uncertain	2023
miRNA-over expressed in-Disease	https://rnacentral.org/rna/URS0000725398_9606	http://purl.obolibrary.org/obo/MONDO_0004950	0.274844727298657	0.5380252668602996	0.2402069959608777	uncertain	2023
miRNA-over expressed in-Disease	https://rnacentral.org/rna/URS000075AC0B_9606	http://purl.obolibrary.org/obo/MONDO_0005575	0.4371586777432342	0.5380252668602996	0.2402069959608777	uncertain	2023
miRNA-over expressed in-Disease	https://rnacentral.org/rna/URS000075AC0B_9606	http://purl.obolibrary.org/obo/MONDO_0024331	0.4444227518500501	0.5380252668602996	0.2402069959608777	uncertain	2023
miRNA-over expressed in-Disease	https://rnacentral.org/rna/URS000075B3AB_9606	http://purl.obolibrary.org/obo/MONDO_0004989	0.5218686725181824	0.5380252668602996	0.2402069959608777	uncertain	2023
miRNA-over expressed in-Disease	https://rnacentral.org/rna/URS000075B3AB_9606	http://purl.obolibrary.org/obo/MONDO_0007254	0.5186412442950963	0.5380252668602996	0.2402069959608777	uncertain	2023
miRNA-over expressed in-Disease	https://rnacentral.org/rna/URS000075B66E_9606	http://purl.obolibrary.org/obo/MONDO_0005341	0.3169168239231937	0.5380252668602996	0.2402069959608777	uncertain	2024
miRNA-over expressed in-Disease	https://rnacentral.org/rna/URS000075B66E_9606	http://purl.obolibrary.org/obo/MONDO_0020804	0.3089626112495741	0.5380252668602996	0.2402069959608777	uncertain	2024
miRNA-over expressed in-Disease	https://rnacentral.org/rna/URS000075BACE_9606	http://purl.obolibrary.org/obo/MONDO_0005233	0.291107374064805	0.5380252668602996	0.2402069959608777	uncertain	2023
miRNA-over expressed in-Disease	https://rnacentral.org/rna/URS000075BB8A_9606	http://purl.obolibrary.org/obo/MONDO_0002974	0.3597325900911127	0.5380252668602996	0.2402069959608777	uncertain	2023
miRNA-over expressed in-Disease	https://rnacentral.org/rna/URS000075BB8A_9606	http://purl.obolibrary.org/obo/MONDO_0005131	0.3102549124404019	0.5380252668602996	0.2402069959608777	uncertain	2023
miRNA-over expressed in-Disease	https://rnacentral.org/rna/URS000075BCF9_9606	http://purl.obolibrary.org/obo/MONDO_0005575	0.5308685153168218	0.5380252668602996	0.2402069959608777	uncertain	2023
miRNA-over expressed in-Disease	https://rnacentral.org/rna/URS000075BCF9_9606	http://purl.obolibrary.org/obo/MONDO_0024331	0.5212735800128538	0.5380252668602996	0.2402069959608777	uncertain	2023
miRNA-over expressed in-Disease	https://rnacentral.org/rna/URS000075BF40_9606	http://purl.obolibrary.org/obo/MONDO_0001056	0.3698960267366605	0.5380252668602996	0.2402069959608777	uncertain	2023
miRNA-over expressed in-Disease	https://rnacentral.org/rna/URS000075BF40_9606	http://purl.obolibrary.org/obo/MONDO_0004950	0.3783000628604498	0.5380252668602996	0.2402069959608777	uncertain	2023
miRNA-over expressed in-Disease	https://rnacentral.org/rna/URS000075C007_9606	http://purl.obolibrary.org/obo/MONDO_0001056	0.3407253173090749	0.5380252668602996	0.2402069959608777	uncertain	2023
miRNA-over expressed in-Disease	https://rnacentral.org/rna/URS000075C007_9606	http://purl.obolibrary.org/obo/MONDO_0004950	0.361411206982992	0.5380252668602996	0.2402069959608777	uncertain	2023
miRNA-over expressed in-Disease	https://rnacentral.org/rna/URS000075CD82_9606	http://purl.obolibrary.org/obo/MONDO_0007256	0.4035422706168233	0.5380252668602996	0.2402069959608777	uncertain	2023
miRNA-over expressed in-Disease	https://rnacentral.org/rna/URS000075CEFF_9606	http://purl.obolibrary.org/obo/MONDO_0023644	0.4251126381875846	0.5380252668602996	0.2402069959608777	uncertain	2023
miRNA-over expressed in-Disease	https://rnacentral.org/rna/URS000075D019_9606	http://purl.obolibrary.org/obo/MONDO_0007576	0.4151824553177612	0.5380252668602996	0.2402069959608777	uncertain	2023
miRNA-over expressed in-Disease	https://rnacentral.org/rna/URS000075D019_9606	http://purl.obolibrary.org/obo/MONDO_0019086	0.4113344752874717	0.5380252668602996	0.2402069959608777	uncertain	2023
miRNA-over expressed in-Disease	https://rnacentral.org/rna/URS000075D261_9606	http://purl.obolibrary.org/obo/MONDO_0001056	0.4031694271549377	0.5380252668602996	0.2402069959608777	uncertain	2023
miRNA-over expressed in-Disease	https://rnacentral.org/rna/URS000075D261_9606	http://purl.obolibrary.org/obo/MONDO_0004950	0.4038914534330398	0.5380252668602996	0.2402069959608777	uncertain	2023
miRNA-over expressed in-Disease	https://rnacentral.org/rna/URS000075D553_9606	http://purl.obolibrary.org/obo/MONDO_0005575	0.4346552881286971	0.5380252668602996	0.2402069959608777	uncertain	2023
miRNA-over expressed in-Disease	https://rnacentral.org/rna/URS000075D553_9606	http://purl.obolibrary.org/obo/MONDO_0024331	0.4431996695137842	0.5380252668602996	0.2402069959608777	uncertain	2023
miRNA-over expressed in-Disease	https://rnacentral.org/rna/URS000075D7DB_9606	http://purl.obolibrary.org/obo/MONDO_0005341	0.3449691190199302	0.5380252668602996	0.2402069959608777	uncertain	2024
miRNA-over expressed in-Disease	https://rnacentral.org/rna/URS000075D7DB_9606	http://purl.obolibrary.org/obo/MONDO_0020804	0.3010871756719897	0.5380252668602996	0.2402069959608777	uncertain	2024
miRNA-over expressed in-Disease	https://rnacentral.org/rna/URS000075E904_9606	http://purl.obolibrary.org/obo/MONDO_0007576	0.3568967872118682	0.5380252668602996	0.2402069959608777	uncertain	2023
miRNA-over expressed in-Disease	https://rnacentral.org/rna/URS000075E904_9606	http://purl.obolibrary.org/obo/MONDO_0019086	0.3322039255900576	0.5380252668602996	0.2402069959608777	uncertain	2023
miRNA-over expressed in-Disease	https://rnacentral.org/rna/URS000075ECD7_9606	http://purl.obolibrary.org/obo/MONDO_0004986	0.4643976115580291	0.5380252668602996	0.2402069959608777	uncertain	2023
miRNA-over expressed in-Disease	https://rnacentral.org/rna/URS000075ECD7_9606	http://purl.obolibrary.org/obo/MONDO_0022578	0.4431299945597368	0.5380252668602996	0.2402069959608777	uncertain	2023
miRNA-over expressed in-Disease	https://rnacentral.org/rna/URS000075EF65_9606	http://purl.obolibrary.org/obo/MONDO_0005341	0.2237294101330424	0.5380252668602996	0.2402069959608777	implausible	2024
miRNA-over expressed in-Disease	https://rnacentral.org/rna/URS000075EF65_9606	http://purl.obolibrary.org/obo/MONDO_0020804	0.2884253122804147	0.5380252668602996	0.2402069959608777	uncertain	2024
miRNA-regulates activity of-Gene	https://rnacentral.org/rna/URS000001C659_9606	http://www.ncbi.nlm.nih.gov/gene/1112	0.7473132269971137	0.972566711770575	0.4503748327446756	uncertain	2024
miRNA-regulates activity of-Gene	https://rnacentral.org/rna/URS000002103A_9606	http://www.ncbi.nlm.nih.gov/gene/6772	0.6537522182012442	0.972566711770575	0.4503748327446756	uncertain	2023
miRNA-regulates activity of-Gene	https://rnacentral.org/rna/URS00000254A6_9606	http://www.ncbi.nlm.nih.gov/gene/6772	0.8776669297496182	0.972566711770575	0.4503748327446756	uncertain	2023
miRNA-regulates activity of-Gene	https://rnacentral.org/rna/URS000003F252_9606	http://www.ncbi.nlm.nih.gov/gene/100133941	0.6793429373380641	0.972566711770575	0.4503748327446756	uncertain	2023
miRNA-regulates activity of-Gene	https://rnacentral.org/rna/URS0000065D58_9606	http://www.ncbi.nlm.nih.gov/gene/9475	0.6230393734749148	0.972566711770575	0.4503748327446756	uncertain	2023
miRNA-regulates activity of-Gene	https://rnacentral.org/rna/URS000007A060_9606	http://www.ncbi.nlm.nih.gov/gene/9759	0.7994587965690609	0.972566711770575	0.4503748327446756	uncertain	2023
miRNA-regulates activity of-Gene	https://rnacentral.org/rna/URS00000821E0_9606	http://www.ncbi.nlm.nih.gov/gene/102	0.7959387028752938	0.972566711770575	0.4503748327446756	uncertain	2024
miRNA-regulates activity of-Gene	https://rnacentral.org/rna/URS00000821E0_9606	http://www.ncbi.nlm.nih.gov/gene/7186	0.2644444220154106	0.972566711770575	0.4503748327446756	implausible	2023
miRNA-regulates activity of-Gene	https://rnacentral.org/rna/URS00000821E0_9606	http://www.ncbi.nlm.nih.gov/gene/85028	0.506326116219702	0.972566711770575	0.4503748327446756	uncertain	2023
miRNA-regulates activity of-Gene	https://rnacentral.org/rna/URS000008DA94_9606	http://www.ncbi.nlm.nih.gov/gene/8828	0.614617969198731	0.972566711770575	0.4503748327446756	uncertain	2024
miRNA-regulates activity of-Gene	https://rnacentral.org/rna/URS0000096022_9606	http://www.ncbi.nlm.nih.gov/gene/10797	0.6519233418916621	0.972566711770575	0.4503748327446756	uncertain	2023
miRNA-regulates activity of-Gene	https://rnacentral.org/rna/URS0000096022_9606	http://www.ncbi.nlm.nih.gov/gene/990	0.8425149168545424	0.972566711770575	0.4503748327446756	uncertain	2023
miRNA-regulates activity of-Gene	https://rnacentral.org/rna/URS00000A939F_9606	http://www.ncbi.nlm.nih.gov/gene/10149	0.6833563327127228	0.972566711770575	0.4503748327446756	uncertain	2023
miRNA-regulates activity of-Gene	https://rnacentral.org/rna/URS00000AA464_9606	http://www.ncbi.nlm.nih.gov/gene/10891	0.8876043202601782	0.972566711770575	0.4503748327446756	uncertain	2023
miRNA-regulates activity of-Gene	https://rnacentral.org/rna/URS00000ADB79_9606	http://www.ncbi.nlm.nih.gov/gene/112939	0.8181267745620663	0.972566711770575	0.4503748327446756	uncertain	2024
miRNA-regulates activity of-Gene	https://rnacentral.org/rna/URS00000ADB79_9606	http://www.ncbi.nlm.nih.gov/gene/7124	0.7811435792121102	0.972566711770575	0.4503748327446756	uncertain	2023
miRNA-regulates activity of-Gene	https://rnacentral.org/rna/URS00000B59A2_9606	http://www.ncbi.nlm.nih.gov/gene/7528	0.6284432831958585	0.972566711770575	0.4503748327446756	uncertain	2023
miRNA-regulates activity of-Gene	https://rnacentral.org/rna/URS00000B7E30_9606	http://www.ncbi.nlm.nih.gov/gene/688	0.860071809873992	0.972566711770575	0.4503748327446756	uncertain	2023
miRNA-regulates activity of-Gene	https://rnacentral.org/rna/URS00000B7E30_9606	http://www.ncbi.nlm.nih.gov/gene/92	0.7571245114455933	0.972566711770575	0.4503748327446756	uncertain	2024
miRNA-regulates activity of-Gene	https://rnacentral.org/rna/URS00000C5969_9606	http://www.ncbi.nlm.nih.gov/gene/6472	0.7136536711182626	0.972566711770575	0.4503748327446756	uncertain	2024
miRNA-regulates activity of-Gene	https://rnacentral.org/rna/URS00000ED600_9606	http://www.ncbi.nlm.nih.gov/gene/658	0.8086639288542055	0.972566711770575	0.4503748327446756	uncertain	2024
miRNA-regulates activity of-Gene	https://rnacentral.org/rna/URS00000F0F49_9606	http://www.ncbi.nlm.nih.gov/gene/92	0.8266075703374187	0.972566711770575	0.4503748327446756	uncertain	2024
miRNA-regulates activity of-Gene	https://rnacentral.org/rna/URS00000F339A_9606	http://www.ncbi.nlm.nih.gov/gene/7474	0.9047804305243288	0.972566711770575	0.4503748327446756	uncertain	2023
miRNA-regulates activity of-Gene	https://rnacentral.org/rna/URS00000FB5B8_9606	http://www.ncbi.nlm.nih.gov/gene/9463	0.6703099528846446	0.972566711770575	0.4503748327446756	uncertain	2023
miRNA-regulates activity of-Gene	https://rnacentral.org/rna/URS00001123BD_9606	http://www.ncbi.nlm.nih.gov/gene/836	0.9149455389598424	0.972566711770575	0.4503748327446756	uncertain	2024
miRNA-regulates activity of-Gene	https://rnacentral.org/rna/URS00001123BD_9606	http://www.ncbi.nlm.nih.gov/gene/842	0.8229944477662767	0.972566711770575	0.4503748327446756	uncertain	2024
miRNA-regulates activity of-Gene	https://rnacentral.org/rna/URS000012568D_9606	http://www.ncbi.nlm.nih.gov/gene/7473	0.6729117611509428	0.972566711770575	0.4503748327446756	uncertain	2024
miRNA-regulates activity of-Gene	https://rnacentral.org/rna/URS000013E79D_9606	http://www.ncbi.nlm.nih.gov/gene/9353	0.7288464056596127	0.972566711770575	0.4503748327446756	uncertain	2023
miRNA-regulates activity of-Gene	https://rnacentral.org/rna/URS0000142DC3_9606	http://www.ncbi.nlm.nih.gov/gene/990	0.565886019119855	0.972566711770575	0.4503748327446756	uncertain	2023
miRNA-regulates activity of-Gene	https://rnacentral.org/rna/URS0000153377_9606	http://www.ncbi.nlm.nih.gov/gene/8650	0.7805804012029907	0.972566711770575	0.4503748327446756	uncertain	2023
miRNA-regulates activity of-Gene	https://rnacentral.org/rna/URS0000157026_9606	http://www.ncbi.nlm.nih.gov/gene/659	0.8792521898693941	0.972566711770575	0.4503748327446756	uncertain	2023
miRNA-regulates activity of-Gene	https://rnacentral.org/rna/URS000015D23B_9606	http://www.ncbi.nlm.nih.gov/gene/672	0.7619483905868154	0.972566711770575	0.4503748327446756	uncertain	2024
miRNA-regulates activity of-Gene	https://rnacentral.org/rna/URS0000170CF4_9606	http://www.ncbi.nlm.nih.gov/gene/7057	0.7187246817400174	0.972566711770575	0.4503748327446756	uncertain	2023
miRNA-regulates activity of-Gene	https://rnacentral.org/rna/URS00001919B0_9606	http://www.ncbi.nlm.nih.gov/gene/6932	0.776823053330816	0.972566711770575	0.4503748327446756	uncertain	2023
miRNA-regulates activity of-Gene	https://rnacentral.org/rna/URS0000192F9C_9606	http://www.ncbi.nlm.nih.gov/gene/960	0.954622913583656	0.972566711770575	0.4503748327446756	uncertain	2023
miRNA-regulates activity of-Gene	https://rnacentral.org/rna/URS000019B0F7_9606	http://www.ncbi.nlm.nih.gov/gene/10783	0.9187257166380136	0.972566711770575	0.4503748327446756	uncertain	2023
miRNA-regulates activity of-Gene	https://rnacentral.org/rna/URS00001BC212_9606	http://www.ncbi.nlm.nih.gov/gene/9444	0.8416460258881464	0.972566711770575	0.4503748327446756	uncertain	2023
miRNA-regulates activity of-Gene	https://rnacentral.org/rna/URS00001C406A_9606	http://www.ncbi.nlm.nih.gov/gene/6662	0.997111113680929	0.972566711770575	0.4503748327446756	plausible	2023
miRNA-regulates activity of-Gene	https://rnacentral.org/rna/URS00001C8A86_9606	http://www.ncbi.nlm.nih.gov/gene/6722	0.9102108098583102	0.972566711770575	0.4503748327446756	uncertain	2024
miRNA-regulates activity of-Gene	https://rnacentral.org/rna/URS00001C8A86_9606	http://www.ncbi.nlm.nih.gov/gene/9254	0.6086863319613617	0.972566711770575	0.4503748327446756	uncertain	2023
miRNA-regulates activity of-Gene	https://rnacentral.org/rna/URS00001C8A86_9606	http://www.ncbi.nlm.nih.gov/gene/9353	0.6954710367471885	0.972566711770575	0.4503748327446756	uncertain	2024
miRNA-regulates activity of-Gene	https://rnacentral.org/rna/URS00001DC04F_9606	http://www.ncbi.nlm.nih.gov/gene/6526	0.6235660935712093	0.972566711770575	0.4503748327446756	uncertain	2023
miRNA-regulates activity of-Gene	https://rnacentral.org/rna/URS00001DC04F_9606	http://www.ncbi.nlm.nih.gov/gene/7852	0.9180833699195408	0.972566711770575	0.4503748327446756	uncertain	2023
miRNA-regulates activity of-Gene	https://rnacentral.org/rna/URS00001E0AEA_9606	http://www.ncbi.nlm.nih.gov/gene/81	0.6394146215496194	0.972566711770575	0.4503748327446756	uncertain	2024
miRNA-regulates activity of-Gene	https://rnacentral.org/rna/URS00001E0AEA_9606	http://www.ncbi.nlm.nih.gov/gene/8239	0.791565090192618	0.972566711770575	0.4503748327446756	uncertain	2024
miRNA-regulates activity of-Gene	https://rnacentral.org/rna/URS0000204177_9606	http://www.ncbi.nlm.nih.gov/gene/658	0.7400204068838039	0.972566711770575	0.4503748327446756	uncertain	2024
miRNA-regulates activity of-Gene	https://rnacentral.org/rna/URS00002075FA_9606	http://www.ncbi.nlm.nih.gov/gene/79443	0.6536366446586626	0.972566711770575	0.4503748327446756	uncertain	2024
miRNA-regulates activity of-Gene	https://rnacentral.org/rna/URS000020D84A_9606	http://www.ncbi.nlm.nih.gov/gene/6470	0.6647015578975481	0.972566711770575	0.4503748327446756	uncertain	2023
miRNA-regulates activity of-Gene	https://rnacentral.org/rna/URS000021E7E5_9606	http://www.ncbi.nlm.nih.gov/gene/7482	0.8236265319900323	0.972566711770575	0.4503748327446756	uncertain	2023
miRNA-regulates activity of-Gene	https://rnacentral.org/rna/URS0000237FB8_9606	http://www.ncbi.nlm.nih.gov/gene/9319	0.6627695278579513	0.972566711770575	0.4503748327446756	uncertain	2023
miRNA-regulates activity of-Gene	https://rnacentral.org/rna/URS000023BE29_9606	http://www.ncbi.nlm.nih.gov/gene/9319	0.6584084520159768	0.972566711770575	0.4503748327446756	uncertain	2023
miRNA-regulates activity of-Gene	https://rnacentral.org/rna/URS000024463E_9606	http://www.ncbi.nlm.nih.gov/gene/8825	0.8212078752956578	0.972566711770575	0.4503748327446756	uncertain	2024
miRNA-regulates activity of-Gene	https://rnacentral.org/rna/URS000025D232_9606	http://www.ncbi.nlm.nih.gov/gene/657	0.6348239122479871	0.972566711770575	0.4503748327446756	uncertain	2024
miRNA-regulates activity of-Gene	https://rnacentral.org/rna/URS000025D232_9606	http://www.ncbi.nlm.nih.gov/gene/836	0.9263560968677116	0.972566711770575	0.4503748327446756	uncertain	2023
miRNA-regulates activity of-Gene	https://rnacentral.org/rna/URS000025EABA_9606	http://www.ncbi.nlm.nih.gov/gene/7517	0.7449593376121468	0.972566711770575	0.4503748327446756	uncertain	2023
miRNA-regulates activity of-Gene	https://rnacentral.org/rna/URS00002620A7_9606	http://www.ncbi.nlm.nih.gov/gene/6935	0.8995151850490144	0.972566711770575	0.4503748327446756	uncertain	2023
miRNA-regulates activity of-Gene	https://rnacentral.org/rna/URS000028C188_9606	http://www.ncbi.nlm.nih.gov/gene/7483	0.443648961112274	0.972566711770575	0.4503748327446756	implausible	2024
miRNA-regulates activity of-Gene	https://rnacentral.org/rna/URS000028C188_9606	http://www.ncbi.nlm.nih.gov/gene/85458	0.627378228081582	0.972566711770575	0.4503748327446756	uncertain	2024
miRNA-regulates activity of-Gene	https://rnacentral.org/rna/URS00002D0FC3_9606	http://www.ncbi.nlm.nih.gov/gene/6474	0.6320307047835675	0.972566711770575	0.4503748327446756	uncertain	2023
miRNA-regulates activity of-Gene	https://rnacentral.org/rna/URS00002E2DE7_9606	http://www.ncbi.nlm.nih.gov/gene/7187	0.7673157832309107	0.972566711770575	0.4503748327446756	uncertain	2023
miRNA-regulates activity of-Gene	https://rnacentral.org/rna/URS00002ED61F_9606	http://www.ncbi.nlm.nih.gov/gene/8140	0.8007114194770175	0.972566711770575	0.4503748327446756	uncertain	2023
miRNA-regulates activity of-Gene	https://rnacentral.org/rna/URS000030BD69_9606	http://www.ncbi.nlm.nih.gov/gene/10013	0.7401073586201475	0.972566711770575	0.4503748327446756	uncertain	2023
miRNA-regulates activity of-Gene	https://rnacentral.org/rna/URS000030BD69_9606	http://www.ncbi.nlm.nih.gov/gene/9575	0.8191658576135039	0.972566711770575	0.4503748327446756	uncertain	2023
miRNA-regulates activity of-Gene	https://rnacentral.org/rna/URS0000316FA5_9606	http://www.ncbi.nlm.nih.gov/gene/1024	0.8195937178816447	0.972566711770575	0.4503748327446756	uncertain	2023
miRNA-regulates activity of-Gene	https://rnacentral.org/rna/URS000032BD73_9606	http://www.ncbi.nlm.nih.gov/gene/10092	0.8558877777385145	0.972566711770575	0.4503748327446756	uncertain	2023
miRNA-regulates activity of-Gene	https://rnacentral.org/rna/URS00003380CC_9606	http://www.ncbi.nlm.nih.gov/gene/10554	0.6687500107534723	0.972566711770575	0.4503748327446756	uncertain	2023
miRNA-regulates activity of-Gene	https://rnacentral.org/rna/URS00003380CC_9606	http://www.ncbi.nlm.nih.gov/gene/7038	0.6682944122231556	0.972566711770575	0.4503748327446756	uncertain	2023
miRNA-regulates activity of-Gene	https://rnacentral.org/rna/URS00003380CC_9606	http://www.ncbi.nlm.nih.gov/gene/8694	0.7228069412998345	0.972566711770575	0.4503748327446756	uncertain	2023
miRNA-regulates activity of-Gene	https://rnacentral.org/rna/URS0000346F1C_9606	http://www.ncbi.nlm.nih.gov/gene/6774	0.9658229232504868	0.972566711770575	0.4503748327446756	uncertain	2023
miRNA-regulates activity of-Gene	https://rnacentral.org/rna/URS000034B6F5_9606	http://www.ncbi.nlm.nih.gov/gene/8091	0.965066840829703	0.972566711770575	0.4503748327446756	uncertain	2023
miRNA-regulates activity of-Gene	https://rnacentral.org/rna/URS000034B6F5_9606	http://www.ncbi.nlm.nih.gov/gene/998	0.8878573356689825	0.972566711770575	0.4503748327446756	uncertain	2023
miRNA-regulates activity of-Gene	https://rnacentral.org/rna/URS0000355E82_9606	http://www.ncbi.nlm.nih.gov/gene/8451	0.7149299717321119	0.972566711770575	0.4503748327446756	uncertain	2023
miRNA-regulates activity of-Gene	https://rnacentral.org/rna/URS0000357286_9606	http://www.ncbi.nlm.nih.gov/gene/7424	0.7357673178236822	0.972566711770575	0.4503748327446756	uncertain	2023
miRNA-regulates activity of-Gene	https://rnacentral.org/rna/URS000037C5A8_9606	http://www.ncbi.nlm.nih.gov/gene/10018	0.9568773910889627	0.972566711770575	0.4503748327446756	uncertain	2023
miRNA-regulates activity of-Gene	https://rnacentral.org/rna/URS000037C5A8_9606	http://www.ncbi.nlm.nih.gov/gene/9928	0.629196640191501	0.972566711770575	0.4503748327446756	uncertain	2023
miRNA-regulates activity of-Gene	https://rnacentral.org/rna/URS000038B599_9606	http://www.ncbi.nlm.nih.gov/gene/8519	0.5606026670081218	0.972566711770575	0.4503748327446756	uncertain	2023
miRNA-regulates activity of-Gene	https://rnacentral.org/rna/URS000039ED8D_9606	http://www.ncbi.nlm.nih.gov/gene/728264	0.6907647060830695	0.972566711770575	0.4503748327446756	uncertain	2023
miRNA-regulates activity of-Gene	https://rnacentral.org/rna/URS00003B1F5C_9606	http://www.ncbi.nlm.nih.gov/gene/7050	0.3060757064454212	0.972566711770575	0.4503748327446756	implausible	2023
miRNA-regulates activity of-Gene	https://rnacentral.org/rna/URS00003B6B84_9606	http://www.ncbi.nlm.nih.gov/gene/7472	0.7357320432122704	0.972566711770575	0.4503748327446756	uncertain	2023
miRNA-regulates activity of-Gene	https://rnacentral.org/rna/URS00003B95DA_9606	http://www.ncbi.nlm.nih.gov/gene/6934	0.609028359207384	0.972566711770575	0.4503748327446756	uncertain	2024
miRNA-regulates activity of-Gene	https://rnacentral.org/rna/URS00003B95DA_9606	http://www.ncbi.nlm.nih.gov/gene/7048	0.9770298120025293	0.972566711770575	0.4503748327446756	plausible	2024
miRNA-regulates activity of-Gene	https://rnacentral.org/rna/URS00003BED7E_9606	http://www.ncbi.nlm.nih.gov/gene/10038	0.627546600676292	0.972566711770575	0.4503748327446756	uncertain	2023
miRNA-regulates activity of-Gene	https://rnacentral.org/rna/URS00003CCAB4_9606	http://www.ncbi.nlm.nih.gov/gene/6774	0.9856177218640656	0.972566711770575	0.4503748327446756	plausible	2023
miRNA-regulates activity of-Gene	https://rnacentral.org/rna/URS00003D1AE3_9606	http://www.ncbi.nlm.nih.gov/gene/7832	0.8702799380193174	0.972566711770575	0.4503748327446756	uncertain	2023
miRNA-regulates activity of-Gene	https://rnacentral.org/rna/URS00003E47B1_9606	http://www.ncbi.nlm.nih.gov/gene/6789	0.5735132250662721	0.972566711770575	0.4503748327446756	uncertain	2023
miRNA-regulates activity of-Gene	https://rnacentral.org/rna/URS000040D674_9606	http://www.ncbi.nlm.nih.gov/gene/8897	0.8650145929377036	0.972566711770575	0.4503748327446756	uncertain	2023
miRNA-regulates activity of-Gene	https://rnacentral.org/rna/URS000040D674_9606	http://www.ncbi.nlm.nih.gov/gene/9958	0.5254698780989446	0.972566711770575	0.4503748327446756	uncertain	2023
miRNA-regulates activity of-Gene	https://rnacentral.org/rna/URS0000419B5A_9606	http://www.ncbi.nlm.nih.gov/gene/10763	0.6244282021895582	0.972566711770575	0.4503748327446756	uncertain	2023
miRNA-regulates activity of-Gene	https://rnacentral.org/rna/URS000041FA2C_9606	http://www.ncbi.nlm.nih.gov/gene/9048	0.5772329022243611	0.972566711770575	0.4503748327446756	uncertain	2023
miRNA-regulates activity of-Gene	https://rnacentral.org/rna/URS00004208C5_9606	http://www.ncbi.nlm.nih.gov/gene/10797	0.6412956833511281	0.972566711770575	0.4503748327446756	uncertain	2023
miRNA-regulates activity of-Gene	https://rnacentral.org/rna/URS00004208C5_9606	http://www.ncbi.nlm.nih.gov/gene/6470	0.7350472320141375	0.972566711770575	0.4503748327446756	uncertain	2023
miRNA-regulates activity of-Gene	https://rnacentral.org/rna/URS000042C6A6_9606	http://www.ncbi.nlm.nih.gov/gene/84733	0.6536408918891587	0.972566711770575	0.4503748327446756	uncertain	2023
miRNA-regulates activity of-Gene	https://rnacentral.org/rna/URS000043D1A9_9606	http://www.ncbi.nlm.nih.gov/gene/6774	0.9485111096058142	0.972566711770575	0.4503748327446756	uncertain	2024
miRNA-regulates activity of-Gene	https://rnacentral.org/rna/URS000043D1A9_9606	http://www.ncbi.nlm.nih.gov/gene/9839	0.9120047787912468	0.972566711770575	0.4503748327446756	uncertain	2023
miRNA-regulates activity of-Gene	https://rnacentral.org/rna/URS0000442B0D_9606	http://www.ncbi.nlm.nih.gov/gene/6925	0.8733008610327893	0.972566711770575	0.4503748327446756	uncertain	2023
miRNA-regulates activity of-Gene	https://rnacentral.org/rna/URS00004900F1_9606	http://www.ncbi.nlm.nih.gov/gene/834	0.616432422803937	0.972566711770575	0.4503748327446756	uncertain	2023
miRNA-regulates activity of-Gene	https://rnacentral.org/rna/URS00004B2A47_9606	http://www.ncbi.nlm.nih.gov/gene/8651	0.8871362904072528	0.972566711770575	0.4503748327446756	uncertain	2023
miRNA-regulates activity of-Gene	https://rnacentral.org/rna/URS00004BCE9B_9606	http://www.ncbi.nlm.nih.gov/gene/650	0.7334111626729737	0.972566711770575	0.4503748327446756	uncertain	2023
miRNA-regulates activity of-Gene	https://rnacentral.org/rna/URS00004D84DB_9606	http://www.ncbi.nlm.nih.gov/gene/10763	0.6147695473382112	0.972566711770575	0.4503748327446756	uncertain	2023
miRNA-regulates activity of-Gene	https://rnacentral.org/rna/URS00004E1410_9606	http://www.ncbi.nlm.nih.gov/gene/7546	0.7588826358773564	0.972566711770575	0.4503748327446756	uncertain	2023
miRNA-regulates activity of-Gene	https://rnacentral.org/rna/URS00004E57E7_9606	http://www.ncbi.nlm.nih.gov/gene/112939	0.8154843901666371	0.972566711770575	0.4503748327446756	uncertain	2024
miRNA-regulates activity of-Gene	https://rnacentral.org/rna/URS00004EAB18_9606	http://www.ncbi.nlm.nih.gov/gene/7534	0.7880887265911627	0.972566711770575	0.4503748327446756	uncertain	2023
miRNA-regulates activity of-Gene	https://rnacentral.org/rna/URS000050B527_9606	http://www.ncbi.nlm.nih.gov/gene/10628	0.7585777453593837	0.972566711770575	0.4503748327446756	uncertain	2024
miRNA-regulates activity of-Gene	https://rnacentral.org/rna/URS0000527228_9606	http://www.ncbi.nlm.nih.gov/gene/7153	0.5107116758300632	0.972566711770575	0.4503748327446756	uncertain	2023
miRNA-regulates activity of-Gene	https://rnacentral.org/rna/URS0000527228_9606	http://www.ncbi.nlm.nih.gov/gene/9319	0.6650257470755312	0.972566711770575	0.4503748327446756	uncertain	2023
miRNA-regulates activity of-Gene	https://rnacentral.org/rna/URS0000527F89_9606	http://www.ncbi.nlm.nih.gov/gene/9480	0.7442407867084248	0.972566711770575	0.4503748327446756	uncertain	2023
miRNA-regulates activity of-Gene	https://rnacentral.org/rna/URS0000533099_9606	http://www.ncbi.nlm.nih.gov/gene/8322	0.5724227998174498	0.972566711770575	0.4503748327446756	uncertain	2023
miRNA-regulates activity of-Gene	https://rnacentral.org/rna/URS00005540D2_9606	http://www.ncbi.nlm.nih.gov/gene/7082	0.8568946059258444	0.972566711770575	0.4503748327446756	uncertain	2023
miRNA-regulates activity of-Gene	https://rnacentral.org/rna/URS00005540D2_9606	http://www.ncbi.nlm.nih.gov/gene/95681	0.6870857919550779	0.972566711770575	0.4503748327446756	uncertain	2023
miRNA-regulates activity of-Gene	https://rnacentral.org/rna/URS00005540D2_9606	http://www.ncbi.nlm.nih.gov/gene/9752	0.7252435048474464	0.972566711770575	0.4503748327446756	uncertain	2023
miRNA-regulates activity of-Gene	https://rnacentral.org/rna/URS0000554A4F_9606	http://www.ncbi.nlm.nih.gov/gene/7498	0.7124985926437722	0.972566711770575	0.4503748327446756	uncertain	2023
miRNA-regulates activity of-Gene	https://rnacentral.org/rna/URS00005743AE_9606	http://www.ncbi.nlm.nih.gov/gene/10725	0.7738111202608118	0.972566711770575	0.4503748327446756	uncertain	2023
miRNA-regulates activity of-Gene	https://rnacentral.org/rna/URS00005743AE_9606	http://www.ncbi.nlm.nih.gov/gene/836	0.9551471011013274	0.972566711770575	0.4503748327446756	uncertain	2024
miRNA-regulates activity of-Gene	https://rnacentral.org/rna/URS000057466C_9606	http://www.ncbi.nlm.nih.gov/gene/100316868	0.6421679955884732	0.972566711770575	0.4503748327446756	uncertain	2024
miRNA-regulates activity of-Gene	https://rnacentral.org/rna/URS0000585553_9606	http://www.ncbi.nlm.nih.gov/gene/7423	0.6600551357282123	0.972566711770575	0.4503748327446756	uncertain	2023
miRNA-regulates activity of-Gene	https://rnacentral.org/rna/URS000059273E_9606	http://www.ncbi.nlm.nih.gov/gene/112597	0.3289301202754415	0.972566711770575	0.4503748327446756	implausible	2023
miRNA-regulates activity of-Gene	https://rnacentral.org/rna/URS000059273E_9606	http://www.ncbi.nlm.nih.gov/gene/7855	0.8598974332585175	0.972566711770575	0.4503748327446756	uncertain	2023
miRNA-regulates activity of-Gene	https://rnacentral.org/rna/URS00005C62FC_9606	http://www.ncbi.nlm.nih.gov/gene/672	0.7825327707245012	0.972566711770575	0.4503748327446756	uncertain	2024
miRNA-regulates activity of-Gene	https://rnacentral.org/rna/URS00005ED615_9606	http://www.ncbi.nlm.nih.gov/gene/6591	0.8629840368851189	0.972566711770575	0.4503748327446756	uncertain	2023
miRNA-regulates activity of-Gene	https://rnacentral.org/rna/URS0000601CC4_9606	http://www.ncbi.nlm.nih.gov/gene/1021	0.9804806166979584	0.972566711770575	0.4503748327446756	plausible	2023
miRNA-regulates activity of-Gene	https://rnacentral.org/rna/URS000061AB33_9606	http://www.ncbi.nlm.nih.gov/gene/10533	0.8186996260633537	0.972566711770575	0.4503748327446756	uncertain	2023
miRNA-regulates activity of-Gene	https://rnacentral.org/rna/URS000061E740_9606	http://www.ncbi.nlm.nih.gov/gene/10146	0.5446191213750732	0.972566711770575	0.4503748327446756	uncertain	2024
miRNA-regulates activity of-Gene	https://rnacentral.org/rna/URS0000759ED4_9606	http://www.ncbi.nlm.nih.gov/gene/1017	0.8024862920173754	0.972566711770575	0.4503748327446756	uncertain	2023
miRNA-regulates activity of-Gene	https://rnacentral.org/rna/URS000075A643_9606	http://www.ncbi.nlm.nih.gov/gene/8651	0.595404328560623	0.972566711770575	0.4503748327446756	uncertain	2024
miRNA-regulates activity of-Gene	https://rnacentral.org/rna/URS000075A6F1_9606	http://www.ncbi.nlm.nih.gov/gene/10135	0.792403808737248	0.972566711770575	0.4503748327446756	uncertain	2023
miRNA-regulates activity of-Gene	https://rnacentral.org/rna/URS000075A6F1_9606	http://www.ncbi.nlm.nih.gov/gene/85028	0.7242980603575736	0.972566711770575	0.4503748327446756	uncertain	2023
miRNA-regulates activity of-Gene	https://rnacentral.org/rna/URS000075AFB4_9606	http://www.ncbi.nlm.nih.gov/gene/7099	0.8927636050122417	0.972566711770575	0.4503748327446756	uncertain	2023
miRNA-regulates activity of-Gene	https://rnacentral.org/rna/URS000075BA4B_9606	http://www.ncbi.nlm.nih.gov/gene/7538	0.7548993734944311	0.972566711770575	0.4503748327446756	uncertain	2023
miRNA-regulates activity of-Gene	https://rnacentral.org/rna/URS000075BD73_9606	http://www.ncbi.nlm.nih.gov/gene/7531	0.6941665119465863	0.972566711770575	0.4503748327446756	uncertain	2024
miRNA-regulates activity of-Gene	https://rnacentral.org/rna/URS000075C105_9606	http://www.ncbi.nlm.nih.gov/gene/6526	0.5920807708622946	0.972566711770575	0.4503748327446756	uncertain	2023
miRNA-regulates activity of-Gene	https://rnacentral.org/rna/URS000075C59E_9606	http://www.ncbi.nlm.nih.gov/gene/6662	0.9743138094319416	0.972566711770575	0.4503748327446756	plausible	2023
miRNA-regulates activity of-Gene	https://rnacentral.org/rna/URS000075CCDA_9606	http://www.ncbi.nlm.nih.gov/gene/658	0.7024231738781603	0.972566711770575	0.4503748327446756	uncertain	2024
miRNA-regulates activity of-Gene	https://rnacentral.org/rna/URS000075CE03_9606	http://www.ncbi.nlm.nih.gov/gene/8503	0.6789528808955516	0.972566711770575	0.4503748327446756	uncertain	2023
miRNA-regulates activity of-Gene	https://rnacentral.org/rna/URS000075D5EF_9606	http://www.ncbi.nlm.nih.gov/gene/10014	0.7957400783375101	0.972566711770575	0.4503748327446756	uncertain	2023
miRNA-causes or contributes to condition-Disease	https://rnacentral.org/rna/URS0000001A7A_9606	http://purl.obolibrary.org/obo/MONDO_0005375	0.8579724657849495	0.8767872469434635	0.2204501987217317	uncertain	2023
miRNA-causes or contributes to condition-Disease	https://rnacentral.org/rna/URS0000001EB3_9606	http://purl.obolibrary.org/obo/MONDO_0004781	0.8715337607001874	0.8767872469434635	0.2204501987217317	uncertain	2023
miRNA-causes or contributes to condition-Disease	https://rnacentral.org/rna/URS0000008A99_9606	http://purl.obolibrary.org/obo/MONDO_0006058	0.8743770182690345	0.8767872469434635	0.2204501987217317	uncertain	2023
miRNA-causes or contributes to condition-Disease	https://rnacentral.org/rna/URS0000008A99_9606	http://purl.obolibrary.org/obo/MONDO_0008015	0.3716781356621861	0.8767872469434635	0.2204501987217317	uncertain	2023
miRNA-causes or contributes to condition-Disease	https://rnacentral.org/rna/URS0000008A99_9606	http://purl.obolibrary.org/obo/MONDO_0009229	0.920903816428762	0.8767872469434635	0.2204501987217317	plausible	2023
miRNA-causes or contributes to condition-Disease	https://rnacentral.org/rna/URS0000008A99_9606	http://purl.obolibrary.org/obo/MONDO_0017991	0.9127147639968896	0.8767872469434635	0.2204501987217317	plausible	2023
miRNA-causes or contributes to condition-Disease	https://rnacentral.org/rna/URS0000008A99_9606	http://purl.obolibrary.org/obo/MONDO_0019004	0.8906639100526423	0.8767872469434635	0.2204501987217317	plausible	2023
miRNA-causes or contributes to condition-Disease	https://rnacentral.org/rna/URS0000008A99_9606	http://purl.obolibrary.org/obo/MONDO_0024676	0.8746051890136171	0.8767872469434635	0.2204501987217317	uncertain	2023
miRNA-causes or contributes to condition-Disease	https://rnacentral.org/rna/URS0000016914_9606	http://purl.obolibrary.org/obo/MONDO_0003139	0.363945039459208	0.8767872469434635	0.2204501987217317	uncertain	2023
miRNA-causes or contributes to condition-Disease	https://rnacentral.org/rna/URS0000016914_9606	http://purl.obolibrary.org/obo/MONDO_0004907	0.7502865854817791	0.8767872469434635	0.2204501987217317	uncertain	2023
miRNA-causes or contributes to condition-Disease	https://rnacentral.org/rna/URS0000016914_9606	http://purl.obolibrary.org/obo/MONDO_0005340	0.8087025940588276	0.8767872469434635	0.2204501987217317	uncertain	2023
miRNA-causes or contributes to condition-Disease	https://rnacentral.org/rna/URS0000016914_9606	http://purl.obolibrary.org/obo/MONDO_0005361	0.8885502932064955	0.8767872469434635	0.2204501987217317	plausible	2023
miRNA-causes or contributes to condition-Disease	https://rnacentral.org/rna/URS000004F5D8_9606	http://purl.obolibrary.org/obo/MONDO_0000605	0.9481797547040204	0.8767872469434635	0.2204501987217317	plausible	2023
miRNA-causes or contributes to condition-Disease	https://rnacentral.org/rna/URS000004F5D8_9606	http://purl.obolibrary.org/obo/MONDO_0002406	0.9071073527242776	0.8767872469434635	0.2204501987217317	plausible	2023
miRNA-causes or contributes to condition-Disease	https://rnacentral.org/rna/URS000004F5D8_9606	http://purl.obolibrary.org/obo/MONDO_0005003	0.9166501373456436	0.8767872469434635	0.2204501987217317	plausible	2023
miRNA-causes or contributes to condition-Disease	https://rnacentral.org/rna/URS000004F5D8_9606	http://purl.obolibrary.org/obo/MONDO_0005271	0.9027967459889222	0.8767872469434635	0.2204501987217317	plausible	2023
miRNA-causes or contributes to condition-Disease	https://rnacentral.org/rna/URS000004F5D8_9606	http://purl.obolibrary.org/obo/MONDO_0006733	0.388584180869837	0.8767872469434635	0.2204501987217317	uncertain	2023
miRNA-causes or contributes to condition-Disease	https://rnacentral.org/rna/URS000004F5D8_9606	http://purl.obolibrary.org/obo/MONDO_0008185	0.9492974904234392	0.8767872469434635	0.2204501987217317	plausible	2023
miRNA-causes or contributes to condition-Disease	https://rnacentral.org/rna/URS00000600E6_9606	http://purl.obolibrary.org/obo/MONDO_0009100	0.8874005120984398	0.8767872469434635	0.2204501987217317	plausible	2023
miRNA-causes or contributes to condition-Disease	https://rnacentral.org/rna/URS000008F0CF_9606	http://purl.obolibrary.org/obo/MONDO_0005180	0.95474651264574	0.8767872469434635	0.2204501987217317	plausible	2023
miRNA-causes or contributes to condition-Disease	https://rnacentral.org/rna/URS00000AF93C_9606	http://purl.obolibrary.org/obo/MONDO_0009387	0.8814061480268176	0.8767872469434635	0.2204501987217317	plausible	2023
miRNA-causes or contributes to condition-Disease	https://rnacentral.org/rna/URS00000AF93C_9606	http://purl.obolibrary.org/obo/MONDO_0010948	0.7007741979419926	0.8767872469434635	0.2204501987217317	uncertain	2023
miRNA-causes or contributes to condition-Disease	https://rnacentral.org/rna/URS00000AF93C_9606	http://purl.obolibrary.org/obo/MONDO_0012287	0.729941857740368	0.8767872469434635	0.2204501987217317	uncertain	2023
miRNA-causes or contributes to condition-Disease	https://rnacentral.org/rna/URS00000AF93C_9606	http://purl.obolibrary.org/obo/MONDO_0016202	0.4353675824523803	0.8767872469434635	0.2204501987217317	uncertain	2023
miRNA-causes or contributes to condition-Disease	https://rnacentral.org/rna/URS00000AF93C_9606	http://purl.obolibrary.org/obo/MONDO_0017991	0.9296607311933422	0.8767872469434635	0.2204501987217317	plausible	2023
miRNA-causes or contributes to condition-Disease	https://rnacentral.org/rna/URS00000AF93C_9606	http://purl.obolibrary.org/obo/MONDO_0018637	0.6901378540222638	0.8767872469434635	0.2204501987217317	uncertain	2023
miRNA-causes or contributes to condition-Disease	https://rnacentral.org/rna/URS00000C85B2_9606	http://purl.obolibrary.org/obo/MONDO_0005090	0.920356722061216	0.8767872469434635	0.2204501987217317	plausible	2023
miRNA-causes or contributes to condition-Disease	https://rnacentral.org/rna/URS00000C85B2_9606	http://purl.obolibrary.org/obo/MONDO_0007648	0.8936179191871455	0.8767872469434635	0.2204501987217317	plausible	2023
miRNA-causes or contributes to condition-Disease	https://rnacentral.org/rna/URS00000DDD35_9606	http://purl.obolibrary.org/obo/MONDO_0009100	0.8872068161998283	0.8767872469434635	0.2204501987217317	plausible	2023
miRNA-causes or contributes to condition-Disease	https://rnacentral.org/rna/URS00000F31F4_9606	http://purl.obolibrary.org/obo/MONDO_0005366	0.8981794738798832	0.8767872469434635	0.2204501987217317	plausible	2023
miRNA-causes or contributes to condition-Disease	https://rnacentral.org/rna/URS000013ABA3_9606	http://purl.obolibrary.org/obo/MONDO_0005292	0.9060476689793082	0.8767872469434635	0.2204501987217317	plausible	2023
miRNA-causes or contributes to condition-Disease	https://rnacentral.org/rna/URS000015F70F_9606	http://purl.obolibrary.org/obo/MONDO_0019087	0.8830930881239165	0.8767872469434635	0.2204501987217317	plausible	2023
miRNA-causes or contributes to condition-Disease	https://rnacentral.org/rna/URS0000160683_9606	http://purl.obolibrary.org/obo/MONDO_0005076	0.9474674526551652	0.8767872469434635	0.2204501987217317	plausible	2024
miRNA-causes or contributes to condition-Disease	https://rnacentral.org/rna/URS0000160683_9606	http://purl.obolibrary.org/obo/MONDO_0005366	0.8887255881544494	0.8767872469434635	0.2204501987217317	plausible	2023
miRNA-causes or contributes to condition-Disease	https://rnacentral.org/rna/URS0000171525_9606	http://purl.obolibrary.org/obo/MONDO_0005010	0.893892588241079	0.8767872469434635	0.2204501987217317	plausible	2023
miRNA-causes or contributes to condition-Disease	https://rnacentral.org/rna/URS0000171525_9606	http://purl.obolibrary.org/obo/MONDO_0005366	0.8668400616292368	0.8767872469434635	0.2204501987217317	uncertain	2023
miRNA-causes or contributes to condition-Disease	https://rnacentral.org/rna/URS0000171525_9606	http://purl.obolibrary.org/obo/MONDO_0017991	0.891768834759388	0.8767872469434635	0.2204501987217317	plausible	2023
miRNA-causes or contributes to condition-Disease	https://rnacentral.org/rna/URS0000171CD1_9606	http://purl.obolibrary.org/obo/MONDO_0005068	0.88258257465309	0.8767872469434635	0.2204501987217317	plausible	2023
miRNA-causes or contributes to condition-Disease	https://rnacentral.org/rna/URS000017EE98_9606	http://purl.obolibrary.org/obo/MONDO_0005366	0.8222799892894148	0.8767872469434635	0.2204501987217317	uncertain	2023
miRNA-causes or contributes to condition-Disease	https://rnacentral.org/rna/URS000018B0EE_9606	http://purl.obolibrary.org/obo/MONDO_0003057	0.8628746825569862	0.8767872469434635	0.2204501987217317	uncertain	2023
miRNA-causes or contributes to condition-Disease	https://rnacentral.org/rna/URS000018B0EE_9606	http://purl.obolibrary.org/obo/MONDO_0005085	0.8295849649392474	0.8767872469434635	0.2204501987217317	uncertain	2023
miRNA-causes or contributes to condition-Disease	https://rnacentral.org/rna/URS000018B0EE_9606	http://purl.obolibrary.org/obo/MONDO_0011789	0.872785310559303	0.8767872469434635	0.2204501987217317	uncertain	2023
miRNA-causes or contributes to condition-Disease	https://rnacentral.org/rna/URS000018B0EE_9606	http://purl.obolibrary.org/obo/MONDO_0016642	0.8781284563385698	0.8767872469434635	0.2204501987217317	plausible	2023
miRNA-causes or contributes to condition-Disease	https://rnacentral.org/rna/URS00001CC864_9606	http://purl.obolibrary.org/obo/MONDO_0005044	0.9267421049869248	0.8767872469434635	0.2204501987217317	plausible	2023
miRNA-causes or contributes to condition-Disease	https://rnacentral.org/rna/URS00001CC864_9606	http://purl.obolibrary.org/obo/MONDO_0005090	0.8973193432561706	0.8767872469434635	0.2204501987217317	plausible	2023
miRNA-causes or contributes to condition-Disease	https://rnacentral.org/rna/URS00001E96DA_9606	http://purl.obolibrary.org/obo/MONDO_0009971	0.3924931906217049	0.8767872469434635	0.2204501987217317	uncertain	2023
miRNA-causes or contributes to condition-Disease	https://rnacentral.org/rna/URS00001E96DA_9606	http://purl.obolibrary.org/obo/MONDO_0700081	0.4771090581125238	0.8767872469434635	0.2204501987217317	uncertain	2023
miRNA-causes or contributes to condition-Disease	https://rnacentral.org/rna/URS0000208A34_9606	http://purl.obolibrary.org/obo/MONDO_0007473	0.8740257842052175	0.8767872469434635	0.2204501987217317	uncertain	2023
miRNA-causes or contributes to condition-Disease	https://rnacentral.org/rna/URS0000208A34_9606	http://purl.obolibrary.org/obo/MONDO_0010691	0.8581295544496751	0.8767872469434635	0.2204501987217317	uncertain	2023
miRNA-causes or contributes to condition-Disease	https://rnacentral.org/rna/URS00002130B2_9606	http://purl.obolibrary.org/obo/MONDO_0018177	0.8781655189084818	0.8767872469434635	0.2204501987217317	plausible	2023
miRNA-causes or contributes to condition-Disease	https://rnacentral.org/rna/URS00002130B2_9606	http://purl.obolibrary.org/obo/MONDO_0020690	0.8720458138029259	0.8767872469434635	0.2204501987217317	uncertain	2023
miRNA-causes or contributes to condition-Disease	https://rnacentral.org/rna/URS0000221C26_9606	http://purl.obolibrary.org/obo/MONDO_0005311	0.8835352006102986	0.8767872469434635	0.2204501987217317	plausible	2023
miRNA-causes or contributes to condition-Disease	https://rnacentral.org/rna/URS0000233054_9606	http://purl.obolibrary.org/obo/MONDO_0005382	0.8660007504773559	0.8767872469434635	0.2204501987217317	uncertain	2023
miRNA-causes or contributes to condition-Disease	https://rnacentral.org/rna/URS0000245997_9606	http://purl.obolibrary.org/obo/MONDO_0000608	0.827522845939116	0.8767872469434635	0.2204501987217317	uncertain	2023
miRNA-causes or contributes to condition-Disease	https://rnacentral.org/rna/URS0000245997_9606	http://purl.obolibrary.org/obo/MONDO_0005053	0.9631691484502328	0.8767872469434635	0.2204501987217317	plausible	2023
miRNA-causes or contributes to condition-Disease	https://rnacentral.org/rna/URS0000245997_9606	http://purl.obolibrary.org/obo/MONDO_0021667	0.8907884273367941	0.8767872469434635	0.2204501987217317	plausible	2023
miRNA-causes or contributes to condition-Disease	https://rnacentral.org/rna/URS0000283D0A_9606	http://purl.obolibrary.org/obo/MONDO_0005976	0.8218007955155011	0.8767872469434635	0.2204501987217317	uncertain	2023
miRNA-causes or contributes to condition-Disease	https://rnacentral.org/rna/URS00002B6637_9606	http://purl.obolibrary.org/obo/MONDO_0005260	0.8027482383724609	0.8767872469434635	0.2204501987217317	uncertain	2023
miRNA-causes or contributes to condition-Disease	https://rnacentral.org/rna/URS0000302909_9606	http://purl.obolibrary.org/obo/MONDO_0004976	0.9311461085399116	0.8767872469434635	0.2204501987217317	plausible	2023
miRNA-causes or contributes to condition-Disease	https://rnacentral.org/rna/URS0000306C33_9606	http://purl.obolibrary.org/obo/MONDO_0015074	0.9575901966457828	0.8767872469434635	0.2204501987217317	plausible	2023
miRNA-causes or contributes to condition-Disease	https://rnacentral.org/rna/URS0000306C33_9606	http://purl.obolibrary.org/obo/MONDO_0018666	0.8792190216405783	0.8767872469434635	0.2204501987217317	plausible	2023
miRNA-causes or contributes to condition-Disease	https://rnacentral.org/rna/URS000032AA22_9606	http://purl.obolibrary.org/obo/MONDO_0005260	0.8929897851228839	0.8767872469434635	0.2204501987217317	plausible	2023
miRNA-causes or contributes to condition-Disease	https://rnacentral.org/rna/URS000032AA22_9606	http://purl.obolibrary.org/obo/MONDO_0010526	0.9441999676975236	0.8767872469434635	0.2204501987217317	plausible	2023
miRNA-causes or contributes to condition-Disease	https://rnacentral.org/rna/URS000032AA22_9606	http://purl.obolibrary.org/obo/MONDO_0018076	0.9530400482377404	0.8767872469434635	0.2204501987217317	plausible	2023
miRNA-causes or contributes to condition-Disease	https://rnacentral.org/rna/URS000033F823_9606	http://purl.obolibrary.org/obo/MONDO_0005052	0.8895072236083343	0.8767872469434635	0.2204501987217317	plausible	2023
miRNA-causes or contributes to condition-Disease	https://rnacentral.org/rna/URS000033F823_9606	http://purl.obolibrary.org/obo/MONDO_0017991	0.9599212522649856	0.8767872469434635	0.2204501987217317	plausible	2023
miRNA-causes or contributes to condition-Disease	https://rnacentral.org/rna/URS000036AFF1_9606	http://purl.obolibrary.org/obo/MONDO_0002492	0.8913989941979326	0.8767872469434635	0.2204501987217317	plausible	2023
miRNA-causes or contributes to condition-Disease	https://rnacentral.org/rna/URS000037EC34_9606	http://purl.obolibrary.org/obo/MONDO_0005136	0.8434748022927101	0.8767872469434635	0.2204501987217317	uncertain	2023
miRNA-causes or contributes to condition-Disease	https://rnacentral.org/rna/URS000037EC34_9606	http://purl.obolibrary.org/obo/MONDO_0010030	0.882455678408581	0.8767872469434635	0.2204501987217317	plausible	2023
miRNA-causes or contributes to condition-Disease	https://rnacentral.org/rna/URS0000389B41_9606	http://purl.obolibrary.org/obo/MONDO_0005015	0.9253924319764336	0.8767872469434635	0.2204501987217317	plausible	2023
miRNA-causes or contributes to condition-Disease	https://rnacentral.org/rna/URS0000389B41_9606	http://purl.obolibrary.org/obo/MONDO_0005036	0.8854247260382861	0.8767872469434635	0.2204501987217317	plausible	2023
miRNA-causes or contributes to condition-Disease	https://rnacentral.org/rna/URS0000389B41_9606	http://purl.obolibrary.org/obo/MONDO_0017941	0.9061055819170568	0.8767872469434635	0.2204501987217317	plausible	2023
miRNA-causes or contributes to condition-Disease	https://rnacentral.org/rna/URS000039AE8A_9606	http://purl.obolibrary.org/obo/MONDO_0005133	0.8962776613978292	0.8767872469434635	0.2204501987217317	plausible	2023
miRNA-causes or contributes to condition-Disease	https://rnacentral.org/rna/URS000039AE8A_9606	http://purl.obolibrary.org/obo/MONDO_0005252	0.9283922099712234	0.8767872469434635	0.2204501987217317	plausible	2023
miRNA-causes or contributes to condition-Disease	https://rnacentral.org/rna/URS000039AE8A_9606	http://purl.obolibrary.org/obo/MONDO_0006713	0.8040502451597951	0.8767872469434635	0.2204501987217317	uncertain	2024
miRNA-causes or contributes to condition-Disease	https://rnacentral.org/rna/URS000039AE8A_9606	http://purl.obolibrary.org/obo/MONDO_0006746	0.9509604417747436	0.8767872469434635	0.2204501987217317	plausible	2023
miRNA-causes or contributes to condition-Disease	https://rnacentral.org/rna/URS000039AE8A_9606	http://purl.obolibrary.org/obo/MONDO_0006960	0.8878024665543737	0.8767872469434635	0.2204501987217317	plausible	2023
miRNA-causes or contributes to condition-Disease	https://rnacentral.org/rna/URS000039AE8A_9606	http://purl.obolibrary.org/obo/MONDO_0012727	0.9302765561734372	0.8767872469434635	0.2204501987217317	plausible	2023
miRNA-causes or contributes to condition-Disease	https://rnacentral.org/rna/URS000039AE8A_9606	http://purl.obolibrary.org/obo/MONDO_0018177	0.8796774503690453	0.8767872469434635	0.2204501987217317	plausible	2023
miRNA-causes or contributes to condition-Disease	https://rnacentral.org/rna/URS000039AE8A_9606	http://purl.obolibrary.org/obo/MONDO_0020690	0.8829728217634725	0.8767872469434635	0.2204501987217317	plausible	2023
miRNA-causes or contributes to condition-Disease	https://rnacentral.org/rna/URS000039E12D_9606	http://purl.obolibrary.org/obo/MONDO_0005366	0.8857079322355592	0.8767872469434635	0.2204501987217317	plausible	2023
miRNA-causes or contributes to condition-Disease	https://rnacentral.org/rna/URS000039E12D_9606	http://purl.obolibrary.org/obo/MONDO_0005542	0.8398328081393693	0.8767872469434635	0.2204501987217317	uncertain	2023
miRNA-causes or contributes to condition-Disease	https://rnacentral.org/rna/URS000039E1E1_9606	http://purl.obolibrary.org/obo/MONDO_0004982	0.918855487848018	0.8767872469434635	0.2204501987217317	plausible	2023
miRNA-causes or contributes to condition-Disease	https://rnacentral.org/rna/URS000039E1E1_9606	http://purl.obolibrary.org/obo/MONDO_0005311	0.8840302659544241	0.8767872469434635	0.2204501987217317	plausible	2023
miRNA-causes or contributes to condition-Disease	https://rnacentral.org/rna/URS000039E1E1_9606	http://purl.obolibrary.org/obo/MONDO_0009387	0.651378208677376	0.8767872469434635	0.2204501987217317	uncertain	2023
miRNA-causes or contributes to condition-Disease	https://rnacentral.org/rna/URS000039E1E1_9606	http://purl.obolibrary.org/obo/MONDO_0018637	0.513734902627997	0.8767872469434635	0.2204501987217317	uncertain	2023
miRNA-causes or contributes to condition-Disease	https://rnacentral.org/rna/URS00003A4D14_9606	http://purl.obolibrary.org/obo/MONDO_0007648	0.8967564188543369	0.8767872469434635	0.2204501987217317	plausible	2023
miRNA-causes or contributes to condition-Disease	https://rnacentral.org/rna/URS00003A4D14_9606	http://purl.obolibrary.org/obo/MONDO_0017991	0.940378731025979	0.8767872469434635	0.2204501987217317	plausible	2023
miRNA-causes or contributes to condition-Disease	https://rnacentral.org/rna/URS00003AD7BA_9606	http://purl.obolibrary.org/obo/MONDO_0010222	0.8222100828054273	0.8767872469434635	0.2204501987217317	uncertain	2023
miRNA-causes or contributes to condition-Disease	https://rnacentral.org/rna/URS00003AF18B_9606	http://purl.obolibrary.org/obo/MONDO_0005061	0.8847342980067063	0.8767872469434635	0.2204501987217317	plausible	2023
miRNA-causes or contributes to condition-Disease	https://rnacentral.org/rna/URS00003B0CDB_9606	http://purl.obolibrary.org/obo/MONDO_0005099	0.93775533469332	0.8767872469434635	0.2204501987217317	plausible	2023
miRNA-causes or contributes to condition-Disease	https://rnacentral.org/rna/URS00003B0CDB_9606	http://purl.obolibrary.org/obo/MONDO_0005260	0.9535040898568176	0.8767872469434635	0.2204501987217317	plausible	2023
miRNA-causes or contributes to condition-Disease	https://rnacentral.org/rna/URS00003B0CDB_9606	http://purl.obolibrary.org/obo/MONDO_0017178	0.8668933067203106	0.8767872469434635	0.2204501987217317	uncertain	2023
miRNA-causes or contributes to condition-Disease	https://rnacentral.org/rna/URS00003B7674_9606	http://purl.obolibrary.org/obo/MONDO_0005311	0.8688384941969485	0.8767872469434635	0.2204501987217317	uncertain	2023
miRNA-causes or contributes to condition-Disease	https://rnacentral.org/rna/URS00003B7674_9606	http://purl.obolibrary.org/obo/MONDO_0009458	0.3454743338938448	0.8767872469434635	0.2204501987217317	uncertain	2023
miRNA-causes or contributes to condition-Disease	https://rnacentral.org/rna/URS000040EE1D_9606	http://purl.obolibrary.org/obo/MONDO_0000553	0.8629283446561207	0.8767872469434635	0.2204501987217317	uncertain	2023
miRNA-causes or contributes to condition-Disease	https://rnacentral.org/rna/URS000040EE1D_9606	http://purl.obolibrary.org/obo/MONDO_0005366	0.8688114039105299	0.8767872469434635	0.2204501987217317	uncertain	2023
miRNA-causes or contributes to condition-Disease	https://rnacentral.org/rna/URS0000416056_9606	http://purl.obolibrary.org/obo/MONDO_0000605	0.657798006409461	0.8767872469434635	0.2204501987217317	uncertain	2023
miRNA-causes or contributes to condition-Disease	https://rnacentral.org/rna/URS0000416056_9606	http://purl.obolibrary.org/obo/MONDO_0002406	0.3255087678259576	0.8767872469434635	0.2204501987217317	uncertain	2023
miRNA-causes or contributes to condition-Disease	https://rnacentral.org/rna/URS0000416056_9606	http://purl.obolibrary.org/obo/MONDO_0005003	0.6946478196450798	0.8767872469434635	0.2204501987217317	uncertain	2023
miRNA-causes or contributes to condition-Disease	https://rnacentral.org/rna/URS0000416056_9606	http://purl.obolibrary.org/obo/MONDO_0005271	0.4066746266306725	0.8767872469434635	0.2204501987217317	uncertain	2023
miRNA-causes or contributes to condition-Disease	https://rnacentral.org/rna/URS0000416056_9606	http://purl.obolibrary.org/obo/MONDO_0006733	0.4060602909535142	0.8767872469434635	0.2204501987217317	uncertain	2023
miRNA-causes or contributes to condition-Disease	https://rnacentral.org/rna/URS0000416056_9606	http://purl.obolibrary.org/obo/MONDO_0008185	0.4295204484728135	0.8767872469434635	0.2204501987217317	uncertain	2023
miRNA-causes or contributes to condition-Disease	https://rnacentral.org/rna/URS000041CB9C_9606	http://purl.obolibrary.org/obo/MONDO_0002771	0.9501721468516976	0.8767872469434635	0.2204501987217317	plausible	2023
miRNA-causes or contributes to condition-Disease	https://rnacentral.org/rna/URS000041CB9C_9606	http://purl.obolibrary.org/obo/MONDO_0005136	0.8061156194954402	0.8767872469434635	0.2204501987217317	uncertain	2023
miRNA-causes or contributes to condition-Disease	https://rnacentral.org/rna/URS000041CB9C_9606	http://purl.obolibrary.org/obo/MONDO_0005252	0.9310738628030172	0.8767872469434635	0.2204501987217317	plausible	2023
miRNA-causes or contributes to condition-Disease	https://rnacentral.org/rna/URS0000440A79_9606	http://purl.obolibrary.org/obo/MONDO_0005036	0.891767792640549	0.8767872469434635	0.2204501987217317	plausible	2023
miRNA-causes or contributes to condition-Disease	https://rnacentral.org/rna/URS0000476A52_9606	http://purl.obolibrary.org/obo/MONDO_0005192	0.8822086095306323	0.8767872469434635	0.2204501987217317	plausible	2023
miRNA-causes or contributes to condition-Disease	https://rnacentral.org/rna/URS000048795E_9606	http://purl.obolibrary.org/obo/MONDO_0009100	0.9061982250858456	0.8767872469434635	0.2204501987217317	plausible	2023
miRNA-causes or contributes to condition-Disease	https://rnacentral.org/rna/URS00004AE041_9606	http://purl.obolibrary.org/obo/MONDO_0004980	0.923282844946588	0.8767872469434635	0.2204501987217317	plausible	2023
miRNA-causes or contributes to condition-Disease	https://rnacentral.org/rna/URS00004C7B32_9606	http://purl.obolibrary.org/obo/MONDO_0011989	0.8127779526086922	0.8767872469434635	0.2204501987217317	uncertain	2023
miRNA-causes or contributes to condition-Disease	https://rnacentral.org/rna/URS00004CAC40_9606	http://purl.obolibrary.org/obo/MONDO_0005003	0.8708270930344202	0.8767872469434635	0.2204501987217317	uncertain	2023
miRNA-causes or contributes to condition-Disease	https://rnacentral.org/rna/URS00004CAC40_9606	http://purl.obolibrary.org/obo/MONDO_0008185	0.8477345768941988	0.8767872469434635	0.2204501987217317	uncertain	2023
miRNA-causes or contributes to condition-Disease	https://rnacentral.org/rna/URS00004E4AD0_9606	http://purl.obolibrary.org/obo/MONDO_0005155	0.8854432306508561	0.8767872469434635	0.2204501987217317	plausible	2023
miRNA-causes or contributes to condition-Disease	https://rnacentral.org/rna/URS00004E4AD0_9606	http://purl.obolibrary.org/obo/MONDO_0005502	0.9368144243301904	0.8767872469434635	0.2204501987217317	plausible	2023
miRNA-causes or contributes to condition-Disease	https://rnacentral.org/rna/URS00004E9304_9606	http://purl.obolibrary.org/obo/MONDO_0021184	0.8302911699557137	0.8767872469434635	0.2204501987217317	uncertain	2023
miRNA-causes or contributes to condition-Disease	https://rnacentral.org/rna/URS0000507C9B_9606	http://purl.obolibrary.org/obo/MONDO_0024327	0.934693687878166	0.8767872469434635	0.2204501987217317	plausible	2023
miRNA-causes or contributes to condition-Disease	https://rnacentral.org/rna/URS0000539083_9606	http://purl.obolibrary.org/obo/MONDO_0002771	0.9576972077969984	0.8767872469434635	0.2204501987217317	plausible	2023
miRNA-causes or contributes to condition-Disease	https://rnacentral.org/rna/URS000054969A_9606	http://purl.obolibrary.org/obo/MONDO_0008867	0.4213816583256172	0.8767872469434635	0.2204501987217317	uncertain	2023
miRNA-causes or contributes to condition-Disease	https://rnacentral.org/rna/URS000054969A_9606	http://purl.obolibrary.org/obo/MONDO_0009971	0.936466937979922	0.8767872469434635	0.2204501987217317	plausible	2023
miRNA-causes or contributes to condition-Disease	https://rnacentral.org/rna/URS000054969A_9606	http://purl.obolibrary.org/obo/MONDO_0012268	0.9607539939975542	0.8767872469434635	0.2204501987217317	plausible	2023
miRNA-causes or contributes to condition-Disease	https://rnacentral.org/rna/URS000054969A_9606	http://purl.obolibrary.org/obo/MONDO_0700081	0.9426597152385994	0.8767872469434635	0.2204501987217317	plausible	2023
miRNA-causes or contributes to condition-Disease	https://rnacentral.org/rna/URS00005651EE_9606	http://purl.obolibrary.org/obo/MONDO_0005366	0.8061077412331472	0.8767872469434635	0.2204501987217317	uncertain	2023
miRNA-causes or contributes to condition-Disease	https://rnacentral.org/rna/URS00005651EE_9606	http://purl.obolibrary.org/obo/MONDO_0005542	0.8990584768590684	0.8767872469434635	0.2204501987217317	plausible	2023
miRNA-causes or contributes to condition-Disease	https://rnacentral.org/rna/URS00005677F7_9606	http://purl.obolibrary.org/obo/MONDO_0002775	0.7976823854089927	0.8767872469434635	0.2204501987217317	uncertain	2023
miRNA-causes or contributes to condition-Disease	https://rnacentral.org/rna/URS00005677F7_9606	http://purl.obolibrary.org/obo/MONDO_0005129	0.9371491890133292	0.8767872469434635	0.2204501987217317	plausible	2023
miRNA-causes or contributes to condition-Disease	https://rnacentral.org/rna/URS000058997A_9606	http://purl.obolibrary.org/obo/MONDO_0003139	0.3105835711497228	0.8767872469434635	0.2204501987217317	uncertain	2023
miRNA-causes or contributes to condition-Disease	https://rnacentral.org/rna/URS000059EAAC_9606	http://purl.obolibrary.org/obo/MONDO_0005015	0.9020384389343468	0.8767872469434635	0.2204501987217317	plausible	2023
miRNA-causes or contributes to condition-Disease	https://rnacentral.org/rna/URS000059EAAC_9606	http://purl.obolibrary.org/obo/MONDO_0007648	0.892204422823366	0.8767872469434635	0.2204501987217317	plausible	2023
miRNA-causes or contributes to condition-Disease	https://rnacentral.org/rna/URS00005BBC98_9606	http://purl.obolibrary.org/obo/MONDO_0007648	0.8875694943981072	0.8767872469434635	0.2204501987217317	plausible	2023
miRNA-causes or contributes to condition-Disease	https://rnacentral.org/rna/URS00005FDE16_9606	http://purl.obolibrary.org/obo/MONDO_0005091	0.9074345820866336	0.8767872469434635	0.2204501987217317	plausible	2023
miRNA-causes or contributes to condition-Disease	https://rnacentral.org/rna/URS00005FDE16_9606	http://purl.obolibrary.org/obo/MONDO_0005571	0.8447339439653203	0.8767872469434635	0.2204501987217317	uncertain	2023
miRNA-causes or contributes to condition-Disease	https://rnacentral.org/rna/URS0000626831_9606	http://purl.obolibrary.org/obo/MONDO_0011385	0.9049209458170516	0.8767872469434635	0.2204501987217317	plausible	2023
miRNA-causes or contributes to condition-Disease	https://rnacentral.org/rna/URS000062749E_9606	http://purl.obolibrary.org/obo/MONDO_0000491	0.925766525308021	0.8767872469434635	0.2204501987217317	plausible	2023
miRNA-causes or contributes to condition-Disease	https://rnacentral.org/rna/URS000062749E_9606	http://purl.obolibrary.org/obo/MONDO_0005053	0.9194685318193327	0.8767872469434635	0.2204501987217317	plausible	2023
miRNA-causes or contributes to condition-Disease	https://rnacentral.org/rna/URS000062749E_9606	http://purl.obolibrary.org/obo/MONDO_0005072	0.9113157828797038	0.8767872469434635	0.2204501987217317	plausible	2023
miRNA-causes or contributes to condition-Disease	https://rnacentral.org/rna/URS000062749E_9606	http://purl.obolibrary.org/obo/MONDO_0005072	0.9113157828797038	0.8767872469434635	0.2204501987217317	plausible	2023
miRNA-causes or contributes to condition-Disease	https://rnacentral.org/rna/URS000062749E_9606	http://purl.obolibrary.org/obo/MONDO_0006882	0.9052852124801049	0.8767872469434635	0.2204501987217317	plausible	2023
miRNA-causes or contributes to condition-Disease	https://rnacentral.org/rna/URS000062BB4A_9606	http://purl.obolibrary.org/obo/MONDO_0005061	0.8692298279840697	0.8767872469434635	0.2204501987217317	uncertain	2023
miRNA-causes or contributes to condition-Disease	https://rnacentral.org/rna/URS000063AB20_9606	http://purl.obolibrary.org/obo/MONDO_0011385	0.8614145270470329	0.8767872469434635	0.2204501987217317	uncertain	2023
miRNA-causes or contributes to condition-Disease	https://rnacentral.org/rna/URS000063B6CA_9606	http://purl.obolibrary.org/obo/MONDO_0012727	0.8485534344748549	0.8767872469434635	0.2204501987217317	uncertain	2023
miRNA-causes or contributes to condition-Disease	https://rnacentral.org/rna/URS00006497FB_9606	http://purl.obolibrary.org/obo/MONDO_0004508	0.1946223986039766	0.8767872469434635	0.2204501987217317	implausible	2023
miRNA-causes or contributes to condition-Disease	https://rnacentral.org/rna/URS0000652210_9606	http://purl.obolibrary.org/obo/MONDO_0005028	0.8820527769078064	0.8767872469434635	0.2204501987217317	plausible	2023
miRNA-causes or contributes to condition-Disease	https://rnacentral.org/rna/URS0000652210_9606	http://purl.obolibrary.org/obo/MONDO_0013662	0.6319481757320917	0.8767872469434635	0.2204501987217317	uncertain	2023
miRNA-causes or contributes to condition-Disease	https://rnacentral.org/rna/URS00006588D4_9606	http://purl.obolibrary.org/obo/MONDO_0009100	0.901472880881008	0.8767872469434635	0.2204501987217317	plausible	2023
miRNA-causes or contributes to condition-Disease	https://rnacentral.org/rna/URS0000669010_9606	http://purl.obolibrary.org/obo/MONDO_0008487	0.8759936832954435	0.8767872469434635	0.2204501987217317	uncertain	2023
miRNA-causes or contributes to condition-Disease	https://rnacentral.org/rna/URS000066A55E_9606	http://purl.obolibrary.org/obo/MONDO_0005061	0.8957080866721081	0.8767872469434635	0.2204501987217317	plausible	2023
miRNA-causes or contributes to condition-Disease	https://rnacentral.org/rna/URS000066A55E_9606	http://purl.obolibrary.org/obo/MONDO_0005298	0.907751832436532	0.8767872469434635	0.2204501987217317	plausible	2023
miRNA-causes or contributes to condition-Disease	https://rnacentral.org/rna/URS000068196F_9606	http://purl.obolibrary.org/obo/MONDO_0004981	0.949817998686674	0.8767872469434635	0.2204501987217317	plausible	2023
miRNA-causes or contributes to condition-Disease	https://rnacentral.org/rna/URS000068196F_9606	http://purl.obolibrary.org/obo/MONDO_0005571	0.8302094981104352	0.8767872469434635	0.2204501987217317	uncertain	2023
miRNA-causes or contributes to condition-Disease	https://rnacentral.org/rna/URS0000699E19_9606	http://purl.obolibrary.org/obo/MONDO_0005348	0.8738968277307945	0.8767872469434635	0.2204501987217317	uncertain	2023
miRNA-causes or contributes to condition-Disease	https://rnacentral.org/rna/URS0000699E19_9606	http://purl.obolibrary.org/obo/MONDO_0005452	0.5334534985315491	0.8767872469434635	0.2204501987217317	uncertain	2023
miRNA-causes or contributes to condition-Disease	https://rnacentral.org/rna/URS000069D7BD_9606	http://purl.obolibrary.org/obo/MONDO_0005090	0.7933041699272105	0.8767872469434635	0.2204501987217317	uncertain	2023
miRNA-causes or contributes to condition-Disease	https://rnacentral.org/rna/URS00006A0D74_9606	http://purl.obolibrary.org/obo/MONDO_0005648	0.9423742080289594	0.8767872469434635	0.2204501987217317	plausible	2023
miRNA-causes or contributes to condition-Disease	https://rnacentral.org/rna/URS00006A470C_9606	http://purl.obolibrary.org/obo/MONDO_0021117	0.8864213022370865	0.8767872469434635	0.2204501987217317	plausible	2023
miRNA-causes or contributes to condition-Disease	https://rnacentral.org/rna/URS00006B7D0F_9606	http://purl.obolibrary.org/obo/MONDO_0005212	0.8919324606600271	0.8767872469434635	0.2204501987217317	plausible	2023
miRNA-causes or contributes to condition-Disease	https://rnacentral.org/rna/URS00006B7D0F_9606	http://purl.obolibrary.org/obo/MONDO_0009950	0.8674268915849399	0.8767872469434635	0.2204501987217317	uncertain	2023
miRNA-causes or contributes to condition-Disease	https://rnacentral.org/rna/URS00006B86A6_9606	http://purl.obolibrary.org/obo/MONDO_0003758	0.88598450741821	0.8767872469434635	0.2204501987217317	plausible	2023
miRNA-causes or contributes to condition-Disease	https://rnacentral.org/rna/URS00006B86A6_9606	http://purl.obolibrary.org/obo/MONDO_0010108	0.8680808846078072	0.8767872469434635	0.2204501987217317	uncertain	2023
miRNA-causes or contributes to condition-Disease	https://rnacentral.org/rna/URS00006B86A6_9606	http://purl.obolibrary.org/obo/MONDO_0010274	0.8783468395404528	0.8767872469434635	0.2204501987217317	plausible	2023
miRNA-causes or contributes to condition-Disease	https://rnacentral.org/rna/URS00006D6710_9606	http://purl.obolibrary.org/obo/MONDO_0005105	0.8915691507891323	0.8767872469434635	0.2204501987217317	plausible	2023
miRNA-causes or contributes to condition-Disease	https://rnacentral.org/rna/URS00006E154A_9606	http://purl.obolibrary.org/obo/MONDO_0000494	0.8928195158913369	0.8767872469434635	0.2204501987217317	plausible	2023
miRNA-causes or contributes to condition-Disease	https://rnacentral.org/rna/URS00006E154A_9606	http://purl.obolibrary.org/obo/MONDO_0005133	0.8381327191582777	0.8767872469434635	0.2204501987217317	uncertain	2023
miRNA-causes or contributes to condition-Disease	https://rnacentral.org/rna/URS00006EA8E0_9606	http://purl.obolibrary.org/obo/MONDO_0005252	0.9051702048020906	0.8767872469434635	0.2204501987217317	plausible	2023
miRNA-causes or contributes to condition-Disease	https://rnacentral.org/rna/URS00006ECF62_9606	http://purl.obolibrary.org/obo/MONDO_0003659	0.8671956369992515	0.8767872469434635	0.2204501987217317	uncertain	2023
miRNA-causes or contributes to condition-Disease	https://rnacentral.org/rna/URS00006ECF62_9606	http://purl.obolibrary.org/obo/MONDO_0003660	0.8789515522225433	0.8767872469434635	0.2204501987217317	plausible	2023
miRNA-causes or contributes to condition-Disease	https://rnacentral.org/rna/URS00006ECF62_9606	http://purl.obolibrary.org/obo/MONDO_0004355	0.8893037646189919	0.8767872469434635	0.2204501987217317	plausible	2023
miRNA-causes or contributes to condition-Disease	https://rnacentral.org/rna/URS00006ECF62_9606	http://purl.obolibrary.org/obo/MONDO_0005059	0.8674031691323969	0.8767872469434635	0.2204501987217317	uncertain	2023
miRNA-causes or contributes to condition-Disease	https://rnacentral.org/rna/URS00006ECF62_9606	http://purl.obolibrary.org/obo/MONDO_0005062	0.8958354821861755	0.8767872469434635	0.2204501987217317	plausible	2023
miRNA-causes or contributes to condition-Disease	https://rnacentral.org/rna/URS00006ECF62_9606	http://purl.obolibrary.org/obo/MONDO_0018881	0.8950172253295403	0.8767872469434635	0.2204501987217317	plausible	2023
miRNA-causes or contributes to condition-Disease	https://rnacentral.org/rna/URS00006F04EF_9606	http://purl.obolibrary.org/obo/MONDO_0005061	0.8771698134827166	0.8767872469434635	0.2204501987217317	plausible	2023
miRNA-causes or contributes to condition-Disease	https://rnacentral.org/rna/URS00006F5B1B_9606	http://purl.obolibrary.org/obo/MONDO_0005148	0.9129624395057928	0.8767872469434635	0.2204501987217317	plausible	2023
miRNA-causes or contributes to condition-Disease	https://rnacentral.org/rna/URS000070E91B_9606	http://purl.obolibrary.org/obo/MONDO_0005527	0.607365350143365	0.8767872469434635	0.2204501987217317	uncertain	2024
miRNA-causes or contributes to condition-Disease	https://rnacentral.org/rna/URS000070F95C_9606	http://purl.obolibrary.org/obo/MONDO_0005298	0.8692128440593442	0.8767872469434635	0.2204501987217317	uncertain	2023
miRNA-causes or contributes to condition-Disease	https://rnacentral.org/rna/URS0000717C38_9606	http://purl.obolibrary.org/obo/MONDO_0005099	0.8967351076310499	0.8767872469434635	0.2204501987217317	plausible	2023
miRNA-causes or contributes to condition-Disease	https://rnacentral.org/rna/URS0000718CB7_9606	http://purl.obolibrary.org/obo/MONDO_0021117	0.9038841691649496	0.8767872469434635	0.2204501987217317	plausible	2023
miRNA-causes or contributes to condition-Disease	https://rnacentral.org/rna/URS000071B780_9606	http://purl.obolibrary.org/obo/MONDO_0005258	0.9366033297807976	0.8767872469434635	0.2204501987217317	plausible	2023
miRNA-causes or contributes to condition-Disease	https://rnacentral.org/rna/URS000071B780_9606	http://purl.obolibrary.org/obo/MONDO_0005260	0.9432452424385388	0.8767872469434635	0.2204501987217317	plausible	2023
miRNA-causes or contributes to condition-Disease	https://rnacentral.org/rna/URS000071B780_9606	http://purl.obolibrary.org/obo/MONDO_0007915	0.9271571886611768	0.8767872469434635	0.2204501987217317	plausible	2023
miRNA-causes or contributes to condition-Disease	https://rnacentral.org/rna/URS000072632B_9606	http://purl.obolibrary.org/obo/MONDO_0019124	0.5703498447484672	0.8767872469434635	0.2204501987217317	uncertain	2023
miRNA-causes or contributes to condition-Disease	https://rnacentral.org/rna/URS000072D134_9606	http://purl.obolibrary.org/obo/MONDO_0018177	0.8855234633785125	0.8767872469434635	0.2204501987217317	plausible	2023
miRNA-causes or contributes to condition-Disease	https://rnacentral.org/rna/URS000072D134_9606	http://purl.obolibrary.org/obo/MONDO_0020690	0.8830306034576361	0.8767872469434635	0.2204501987217317	plausible	2023
miRNA-causes or contributes to condition-Disease	https://rnacentral.org/rna/URS0000759AE2_9606	http://purl.obolibrary.org/obo/MONDO_0005130	0.3351942798593451	0.8767872469434635	0.2204501987217317	uncertain	2023
miRNA-causes or contributes to condition-Disease	https://rnacentral.org/rna/URS0000759B6A_9606	http://purl.obolibrary.org/obo/MONDO_0005180	0.4662719592352145	0.8767872469434635	0.2204501987217317	uncertain	2023
miRNA-causes or contributes to condition-Disease	https://rnacentral.org/rna/URS0000759B6D_9606	http://purl.obolibrary.org/obo/MONDO_0003659	0.8746475143760226	0.8767872469434635	0.2204501987217317	uncertain	2023
miRNA-causes or contributes to condition-Disease	https://rnacentral.org/rna/URS0000759B6D_9606	http://purl.obolibrary.org/obo/MONDO_0003660	0.8723858339136301	0.8767872469434635	0.2204501987217317	uncertain	2023
miRNA-causes or contributes to condition-Disease	https://rnacentral.org/rna/URS0000759B6D_9606	http://purl.obolibrary.org/obo/MONDO_0005062	0.890493261529078	0.8767872469434635	0.2204501987217317	plausible	2023
miRNA-causes or contributes to condition-Disease	https://rnacentral.org/rna/URS0000759B6D_9606	http://purl.obolibrary.org/obo/MONDO_0007648	0.8892693740372085	0.8767872469434635	0.2204501987217317	plausible	2023
miRNA-causes or contributes to condition-Disease	https://rnacentral.org/rna/URS0000759C2D_9606	http://purl.obolibrary.org/obo/MONDO_0004981	0.9182878907686598	0.8767872469434635	0.2204501987217317	plausible	2023
miRNA-causes or contributes to condition-Disease	https://rnacentral.org/rna/URS0000759C2D_9606	http://purl.obolibrary.org/obo/MONDO_0005348	0.8886444676842614	0.8767872469434635	0.2204501987217317	plausible	2023
miRNA-causes or contributes to condition-Disease	https://rnacentral.org/rna/URS000075A1A8_9606	http://purl.obolibrary.org/obo/MONDO_0006559	0.3825194804077406	0.8767872469434635	0.2204501987217317	uncertain	2023
miRNA-causes or contributes to condition-Disease	https://rnacentral.org/rna/URS000075A377_9606	http://purl.obolibrary.org/obo/MONDO_0011385	0.320979545446853	0.8767872469434635	0.2204501987217317	uncertain	2023
miRNA-causes or contributes to condition-Disease	https://rnacentral.org/rna/URS000075A3A1_9606	http://purl.obolibrary.org/obo/MONDO_0005061	0.8646930491558475	0.8767872469434635	0.2204501987217317	uncertain	2023
miRNA-causes or contributes to condition-Disease	https://rnacentral.org/rna/URS000075A4FB_9606	http://purl.obolibrary.org/obo/MONDO_0007915	0.851450153130807	0.8767872469434635	0.2204501987217317	uncertain	2023
miRNA-causes or contributes to condition-Disease	https://rnacentral.org/rna/URS000075A66D_9606	http://purl.obolibrary.org/obo/MONDO_0005061	0.4225263221247531	0.8767872469434635	0.2204501987217317	uncertain	2023
miRNA-causes or contributes to condition-Disease	https://rnacentral.org/rna/URS000075A6A4_9606	http://purl.obolibrary.org/obo/MONDO_0003139	0.3712528542138803	0.8767872469434635	0.2204501987217317	uncertain	2023
miRNA-causes or contributes to condition-Disease	https://rnacentral.org/rna/URS000075A7C0_9606	http://purl.obolibrary.org/obo/MONDO_0006559	0.2470130402379481	0.8767872469434635	0.2204501987217317	uncertain	2023
miRNA-causes or contributes to condition-Disease	https://rnacentral.org/rna/URS000075A884_9606	http://purl.obolibrary.org/obo/MONDO_0005366	0.8948872694388098	0.8767872469434635	0.2204501987217317	plausible	2023
miRNA-causes or contributes to condition-Disease	https://rnacentral.org/rna/URS000075AAAD_9606	http://purl.obolibrary.org/obo/MONDO_0006559	0.1886392043920134	0.8767872469434635	0.2204501987217317	implausible	2023
miRNA-causes or contributes to condition-Disease	https://rnacentral.org/rna/URS000075ABEC_9606	http://purl.obolibrary.org/obo/MONDO_0005068	0.8915251113181736	0.8767872469434635	0.2204501987217317	plausible	2023
miRNA-causes or contributes to condition-Disease	https://rnacentral.org/rna/URS000075ABEC_9606	http://purl.obolibrary.org/obo/MONDO_0005178	0.9231218513233296	0.8767872469434635	0.2204501987217317	plausible	2023
miRNA-causes or contributes to condition-Disease	https://rnacentral.org/rna/URS000075AC24_9606	http://purl.obolibrary.org/obo/MONDO_0005061	0.7976350691463532	0.8767872469434635	0.2204501987217317	uncertain	2023
miRNA-causes or contributes to condition-Disease	https://rnacentral.org/rna/URS000075AC40_9606	http://purl.obolibrary.org/obo/MONDO_0007113	0.9250620421260374	0.8767872469434635	0.2204501987217317	plausible	2023
miRNA-causes or contributes to condition-Disease	https://rnacentral.org/rna/URS000075AC6B_9606	http://purl.obolibrary.org/obo/MONDO_0002050	0.9607958279185704	0.8767872469434635	0.2204501987217317	plausible	2023
miRNA-causes or contributes to condition-Disease	https://rnacentral.org/rna/URS000075AC6B_9606	http://purl.obolibrary.org/obo/MONDO_0005291	0.9167963896462904	0.8767872469434635	0.2204501987217317	plausible	2023
miRNA-causes or contributes to condition-Disease	https://rnacentral.org/rna/URS000075AC6B_9606	http://purl.obolibrary.org/obo/MONDO_0011775	0.9161905950767588	0.8767872469434635	0.2204501987217317	plausible	2023
miRNA-causes or contributes to condition-Disease	https://rnacentral.org/rna/URS000075AC6B_9606	http://purl.obolibrary.org/obo/MONDO_0015459	0.8982168700920268	0.8767872469434635	0.2204501987217317	plausible	2023
miRNA-causes or contributes to condition-Disease	https://rnacentral.org/rna/URS000075ACBD_9606	http://purl.obolibrary.org/obo/MONDO_0005180	0.9575227795506558	0.8767872469434635	0.2204501987217317	plausible	2023
miRNA-causes or contributes to condition-Disease	https://rnacentral.org/rna/URS000075AE07_9606	http://purl.obolibrary.org/obo/MONDO_0005065	0.9046917694262736	0.8767872469434635	0.2204501987217317	plausible	2023
miRNA-causes or contributes to condition-Disease	https://rnacentral.org/rna/URS000075AE07_9606	http://purl.obolibrary.org/obo/MONDO_0005090	0.8786289651796644	0.8767872469434635	0.2204501987217317	plausible	2023
miRNA-causes or contributes to condition-Disease	https://rnacentral.org/rna/URS000075AE07_9606	http://purl.obolibrary.org/obo/MONDO_0005136	0.797528548298229	0.8767872469434635	0.2204501987217317	uncertain	2023
miRNA-causes or contributes to condition-Disease	https://rnacentral.org/rna/URS000075AE07_9606	http://purl.obolibrary.org/obo/MONDO_0005361	0.9192714794362522	0.8767872469434635	0.2204501987217317	plausible	2023
miRNA-causes or contributes to condition-Disease	https://rnacentral.org/rna/URS000075AF6E_9606	http://purl.obolibrary.org/obo/MONDO_0005068	0.8458896271300327	0.8767872469434635	0.2204501987217317	uncertain	2023
miRNA-causes or contributes to condition-Disease	https://rnacentral.org/rna/URS000075AF78_9606	http://purl.obolibrary.org/obo/MONDO_0005252	0.3490231331735586	0.8767872469434635	0.2204501987217317	uncertain	2023
miRNA-causes or contributes to condition-Disease	https://rnacentral.org/rna/URS000075B046_9606	http://purl.obolibrary.org/obo/MONDO_0005090	0.878516043966582	0.8767872469434635	0.2204501987217317	plausible	2023
miRNA-causes or contributes to condition-Disease	https://rnacentral.org/rna/URS000075B0A5_9606	http://purl.obolibrary.org/obo/MONDO_0005361	0.8928618474527166	0.8767872469434635	0.2204501987217317	plausible	2023
miRNA-causes or contributes to condition-Disease	https://rnacentral.org/rna/URS000075B0B0_9606	http://purl.obolibrary.org/obo/MONDO_0005180	0.945400202216936	0.8767872469434635	0.2204501987217317	plausible	2023
miRNA-causes or contributes to condition-Disease	https://rnacentral.org/rna/URS000075B14C_9606	http://purl.obolibrary.org/obo/MONDO_0003139	0.2936027948291683	0.8767872469434635	0.2204501987217317	uncertain	2023
miRNA-causes or contributes to condition-Disease	https://rnacentral.org/rna/URS000075B235_9606	http://purl.obolibrary.org/obo/MONDO_0005061	0.8770512409882756	0.8767872469434635	0.2204501987217317	plausible	2023
miRNA-causes or contributes to condition-Disease	https://rnacentral.org/rna/URS000075B243_9606	http://purl.obolibrary.org/obo/MONDO_0009100	0.8893390682243494	0.8767872469434635	0.2204501987217317	plausible	2023
miRNA-causes or contributes to condition-Disease	https://rnacentral.org/rna/URS000075B350_9606	http://purl.obolibrary.org/obo/MONDO_0013209	0.6474481799379388	0.8767872469434635	0.2204501987217317	uncertain	2023
miRNA-causes or contributes to condition-Disease	https://rnacentral.org/rna/URS000075B4B1_9606	http://purl.obolibrary.org/obo/MONDO_0005258	0.7046773608149717	0.8767872469434635	0.2204501987217317	uncertain	2023
miRNA-causes or contributes to condition-Disease	https://rnacentral.org/rna/URS000075B4B1_9606	http://purl.obolibrary.org/obo/MONDO_0005260	0.7284210025058322	0.8767872469434635	0.2204501987217317	uncertain	2023
miRNA-causes or contributes to condition-Disease	https://rnacentral.org/rna/URS000075B597_9606	http://purl.obolibrary.org/obo/MONDO_0007113	0.8063534349246941	0.8767872469434635	0.2204501987217317	uncertain	2023
miRNA-causes or contributes to condition-Disease	https://rnacentral.org/rna/URS000075B5E4_9606	http://purl.obolibrary.org/obo/MONDO_0005044	0.8716130706074403	0.8767872469434635	0.2204501987217317	uncertain	2023
miRNA-causes or contributes to condition-Disease	https://rnacentral.org/rna/URS000075B5E8_9606	http://purl.obolibrary.org/obo/MONDO_0021117	0.4991030529879563	0.8767872469434635	0.2204501987217317	uncertain	2023
miRNA-causes or contributes to condition-Disease	https://rnacentral.org/rna/URS000075B66E_9606	http://purl.obolibrary.org/obo/MONDO_0001040	0.9223981546155112	0.8767872469434635	0.2204501987217317	plausible	2024
miRNA-causes or contributes to condition-Disease	https://rnacentral.org/rna/URS000075B66E_9606	http://purl.obolibrary.org/obo/MONDO_0011751	0.8898739111598335	0.8767872469434635	0.2204501987217317	plausible	2023
miRNA-causes or contributes to condition-Disease	https://rnacentral.org/rna/URS000075B703_9606	http://purl.obolibrary.org/obo/MONDO_0002492	0.8907507709837652	0.8767872469434635	0.2204501987217317	plausible	2023
miRNA-causes or contributes to condition-Disease	https://rnacentral.org/rna/URS000075B703_9606	http://purl.obolibrary.org/obo/MONDO_0005090	0.913300915875199	0.8767872469434635	0.2204501987217317	plausible	2023
miRNA-causes or contributes to condition-Disease	https://rnacentral.org/rna/URS000075B703_9606	http://purl.obolibrary.org/obo/MONDO_0018882	0.7067111183123786	0.8767872469434635	0.2204501987217317	uncertain	2023
miRNA-causes or contributes to condition-Disease	https://rnacentral.org/rna/URS000075B715_9606	http://purl.obolibrary.org/obo/MONDO_0005366	0.8750810732200842	0.8767872469434635	0.2204501987217317	uncertain	2023
miRNA-causes or contributes to condition-Disease	https://rnacentral.org/rna/URS000075B799_9606	http://purl.obolibrary.org/obo/MONDO_0019086	0.8529299113060747	0.8767872469434635	0.2204501987217317	uncertain	2024
miRNA-causes or contributes to condition-Disease	https://rnacentral.org/rna/URS000075B982_9606	http://purl.obolibrary.org/obo/MONDO_0005361	0.91039211911949	0.8767872469434635	0.2204501987217317	plausible	2023
miRNA-causes or contributes to condition-Disease	https://rnacentral.org/rna/URS000075B9B1_9606	http://purl.obolibrary.org/obo/MONDO_0010150	0.8939816628936794	0.8767872469434635	0.2204501987217317	plausible	2023
miRNA-causes or contributes to condition-Disease	https://rnacentral.org/rna/URS000075BA23_9606	http://purl.obolibrary.org/obo/MONDO_0005184	0.371115533838652	0.8767872469434635	0.2204501987217317	uncertain	2023
miRNA-causes or contributes to condition-Disease	https://rnacentral.org/rna/URS000075BA87_9606	http://purl.obolibrary.org/obo/MONDO_0008487	0.7958014951764959	0.8767872469434635	0.2204501987217317	uncertain	2023
miRNA-causes or contributes to condition-Disease	https://rnacentral.org/rna/URS000075BAA3_9606	http://purl.obolibrary.org/obo/MONDO_0005061	0.7882908647246181	0.8767872469434635	0.2204501987217317	uncertain	2023
miRNA-causes or contributes to condition-Disease	https://rnacentral.org/rna/URS000075BAB0_9606	http://purl.obolibrary.org/obo/MONDO_0005298	0.8948510257298441	0.8767872469434635	0.2204501987217317	plausible	2023
miRNA-causes or contributes to condition-Disease	https://rnacentral.org/rna/URS000075BAEB_9606	http://purl.obolibrary.org/obo/MONDO_0002909	0.9070211252109516	0.8767872469434635	0.2204501987217317	plausible	2023
miRNA-causes or contributes to condition-Disease	https://rnacentral.org/rna/URS000075BAEB_9606	http://purl.obolibrary.org/obo/MONDO_0005099	0.93847069900315	0.8767872469434635	0.2204501987217317	plausible	2023
miRNA-causes or contributes to condition-Disease	https://rnacentral.org/rna/URS000075BB8A_9606	http://purl.obolibrary.org/obo/MONDO_0003758	0.8903455457796676	0.8767872469434635	0.2204501987217317	plausible	2023
miRNA-causes or contributes to condition-Disease	https://rnacentral.org/rna/URS000075BB8A_9606	http://purl.obolibrary.org/obo/MONDO_0010108	0.8632329969055728	0.8767872469434635	0.2204501987217317	uncertain	2023
miRNA-causes or contributes to condition-Disease	https://rnacentral.org/rna/URS000075BB8A_9606	http://purl.obolibrary.org/obo/MONDO_0010274	0.8926347984277181	0.8767872469434635	0.2204501987217317	plausible	2023
miRNA-causes or contributes to condition-Disease	https://rnacentral.org/rna/URS000075BC23_9606	http://purl.obolibrary.org/obo/MONDO_0004975	0.7960005366719505	0.8767872469434635	0.2204501987217317	uncertain	2023
miRNA-causes or contributes to condition-Disease	https://rnacentral.org/rna/URS000075BC23_9606	http://purl.obolibrary.org/obo/MONDO_0007088	0.8549001535181181	0.8767872469434635	0.2204501987217317	uncertain	2023
miRNA-causes or contributes to condition-Disease	https://rnacentral.org/rna/URS000075BC52_9606	http://purl.obolibrary.org/obo/MONDO_0005068	0.8819720745307795	0.8767872469434635	0.2204501987217317	plausible	2023
miRNA-causes or contributes to condition-Disease	https://rnacentral.org/rna/URS000075BC7D_9606	http://purl.obolibrary.org/obo/MONDO_0005311	0.870739971619152	0.8767872469434635	0.2204501987217317	uncertain	2023
miRNA-causes or contributes to condition-Disease	https://rnacentral.org/rna/URS000075BCC5_9606	http://purl.obolibrary.org/obo/MONDO_0005061	0.8530928859877269	0.8767872469434635	0.2204501987217317	uncertain	2023
miRNA-causes or contributes to condition-Disease	https://rnacentral.org/rna/URS000075BCF9_9606	http://purl.obolibrary.org/obo/MONDO_0003758	0.8946379787167471	0.8767872469434635	0.2204501987217317	plausible	2023
miRNA-causes or contributes to condition-Disease	https://rnacentral.org/rna/URS000075BCF9_9606	http://purl.obolibrary.org/obo/MONDO_0010108	0.9413462663374316	0.8767872469434635	0.2204501987217317	plausible	2023
miRNA-causes or contributes to condition-Disease	https://rnacentral.org/rna/URS000075BCF9_9606	http://purl.obolibrary.org/obo/MONDO_0010274	0.8776886224934852	0.8767872469434635	0.2204501987217317	plausible	2023
miRNA-causes or contributes to condition-Disease	https://rnacentral.org/rna/URS000075BE91_9606	http://purl.obolibrary.org/obo/MONDO_0005292	0.8918032797543345	0.8767872469434635	0.2204501987217317	plausible	2023
miRNA-causes or contributes to condition-Disease	https://rnacentral.org/rna/URS000075C05A_9606	http://purl.obolibrary.org/obo/MONDO_0005180	0.9504469336759008	0.8767872469434635	0.2204501987217317	plausible	2023
miRNA-causes or contributes to condition-Disease	https://rnacentral.org/rna/URS000075C05A_9606	http://purl.obolibrary.org/obo/MONDO_0005298	0.8863979282916341	0.8767872469434635	0.2204501987217317	plausible	2023
miRNA-causes or contributes to condition-Disease	https://rnacentral.org/rna/URS000075C05A_9606	http://purl.obolibrary.org/obo/MONDO_0005361	0.8880207779280356	0.8767872469434635	0.2204501987217317	plausible	2023
miRNA-causes or contributes to condition-Disease	https://rnacentral.org/rna/URS000075C05A_9606	http://purl.obolibrary.org/obo/MONDO_0007648	0.8968300087155122	0.8767872469434635	0.2204501987217317	plausible	2023
miRNA-causes or contributes to condition-Disease	https://rnacentral.org/rna/URS000075C16B_9606	http://purl.obolibrary.org/obo/MONDO_0005061	0.5475258553929947	0.8767872469434635	0.2204501987217317	uncertain	2023
miRNA-causes or contributes to condition-Disease	https://rnacentral.org/rna/URS000075C2A0_9606	http://purl.obolibrary.org/obo/MONDO_0011385	0.8860863081927852	0.8767872469434635	0.2204501987217317	plausible	2023
miRNA-causes or contributes to condition-Disease	https://rnacentral.org/rna/URS000075C2A9_9606	http://purl.obolibrary.org/obo/MONDO_0006559	0.3570760704048618	0.8767872469434635	0.2204501987217317	uncertain	2023
miRNA-causes or contributes to condition-Disease	https://rnacentral.org/rna/URS000075C453_9606	http://purl.obolibrary.org/obo/MONDO_0005298	0.8807417828709372	0.8767872469434635	0.2204501987217317	plausible	2023
miRNA-causes or contributes to condition-Disease	https://rnacentral.org/rna/URS000075C604_9606	http://purl.obolibrary.org/obo/MONDO_0005298	0.8876547390369787	0.8767872469434635	0.2204501987217317	plausible	2023
miRNA-causes or contributes to condition-Disease	https://rnacentral.org/rna/URS000075C604_9606	http://purl.obolibrary.org/obo/MONDO_0008159	0.9182135607201918	0.8767872469434635	0.2204501987217317	plausible	2023
miRNA-causes or contributes to condition-Disease	https://rnacentral.org/rna/URS000075C604_9606	http://purl.obolibrary.org/obo/MONDO_0011775	0.9054921409293172	0.8767872469434635	0.2204501987217317	plausible	2023
miRNA-causes or contributes to condition-Disease	https://rnacentral.org/rna/URS000075C604_9606	http://purl.obolibrary.org/obo/MONDO_0015459	0.9099349916773614	0.8767872469434635	0.2204501987217317	plausible	2023
miRNA-causes or contributes to condition-Disease	https://rnacentral.org/rna/URS000075C815_9606	http://purl.obolibrary.org/obo/MONDO_0005192	0.5629421267435235	0.8767872469434635	0.2204501987217317	uncertain	2023
miRNA-causes or contributes to condition-Disease	https://rnacentral.org/rna/URS000075C815_9606	http://purl.obolibrary.org/obo/MONDO_0005258	0.4185130714970593	0.8767872469434635	0.2204501987217317	uncertain	2023
miRNA-causes or contributes to condition-Disease	https://rnacentral.org/rna/URS000075C815_9606	http://purl.obolibrary.org/obo/MONDO_0005260	0.4162452893510805	0.8767872469434635	0.2204501987217317	uncertain	2023
miRNA-causes or contributes to condition-Disease	https://rnacentral.org/rna/URS000075C8DF_9606	http://purl.obolibrary.org/obo/MONDO_0005015	0.8947278714850608	0.8767872469434635	0.2204501987217317	plausible	2023
miRNA-causes or contributes to condition-Disease	https://rnacentral.org/rna/URS000075C8DF_9606	http://purl.obolibrary.org/obo/MONDO_0005366	0.8839428822570634	0.8767872469434635	0.2204501987217317	plausible	2023
miRNA-causes or contributes to condition-Disease	https://rnacentral.org/rna/URS000075C8DF_9606	http://purl.obolibrary.org/obo/MONDO_0008380	0.8681178921366679	0.8767872469434635	0.2204501987217317	uncertain	2023
miRNA-causes or contributes to condition-Disease	https://rnacentral.org/rna/URS000075CA16_9606	http://purl.obolibrary.org/obo/MONDO_0100459	0.5279389492433946	0.8767872469434635	0.2204501987217317	uncertain	2023
miRNA-causes or contributes to condition-Disease	https://rnacentral.org/rna/URS000075CA1B_9606	http://purl.obolibrary.org/obo/MONDO_0005916	0.4878655539670886	0.8767872469434635	0.2204501987217317	uncertain	2023
miRNA-causes or contributes to condition-Disease	https://rnacentral.org/rna/URS000075CA56_9606	http://purl.obolibrary.org/obo/MONDO_0005015	0.7766795008863296	0.8767872469434635	0.2204501987217317	uncertain	2023
miRNA-causes or contributes to condition-Disease	https://rnacentral.org/rna/URS000075CBE0_9606	http://purl.obolibrary.org/obo/MONDO_0021117	0.8962337271214931	0.8767872469434635	0.2204501987217317	plausible	2023
miRNA-causes or contributes to condition-Disease	https://rnacentral.org/rna/URS000075CD61_9606	http://purl.obolibrary.org/obo/MONDO_0005311	0.6595595889755643	0.8767872469434635	0.2204501987217317	uncertain	2023
miRNA-causes or contributes to condition-Disease	https://rnacentral.org/rna/URS000075CDB8_9606	http://purl.obolibrary.org/obo/MONDO_0005044	0.8609479028023719	0.8767872469434635	0.2204501987217317	uncertain	2023
miRNA-causes or contributes to condition-Disease	https://rnacentral.org/rna/URS000075CDCE_9606	http://purl.obolibrary.org/obo/MONDO_0005081	0.8248776178795323	0.8767872469434635	0.2204501987217317	uncertain	2023
miRNA-causes or contributes to condition-Disease	https://rnacentral.org/rna/URS000075CDCE_9606	http://purl.obolibrary.org/obo/MONDO_0005366	0.787706223054921	0.8767872469434635	0.2204501987217317	uncertain	2023
miRNA-causes or contributes to condition-Disease	https://rnacentral.org/rna/URS000075CE05_9606	http://purl.obolibrary.org/obo/MONDO_0005015	0.4302701029543198	0.8767872469434635	0.2204501987217317	uncertain	2023
miRNA-causes or contributes to condition-Disease	https://rnacentral.org/rna/URS000075D018_9606	http://purl.obolibrary.org/obo/MONDO_0005178	0.9101747968737294	0.8767872469434635	0.2204501987217317	plausible	2023
miRNA-causes or contributes to condition-Disease	https://rnacentral.org/rna/URS000075D018_9606	http://purl.obolibrary.org/obo/MONDO_0013662	0.777714045632399	0.8767872469434635	0.2204501987217317	uncertain	2023
miRNA-causes or contributes to condition-Disease	https://rnacentral.org/rna/URS000075D019_9606	http://purl.obolibrary.org/obo/MONDO_0018177	0.8685474915294493	0.8767872469434635	0.2204501987217317	uncertain	2023
miRNA-causes or contributes to condition-Disease	https://rnacentral.org/rna/URS000075D019_9606	http://purl.obolibrary.org/obo/MONDO_0020690	0.875794386267224	0.8767872469434635	0.2204501987217317	uncertain	2023
miRNA-causes or contributes to condition-Disease	https://rnacentral.org/rna/URS000075D081_9606	http://purl.obolibrary.org/obo/MONDO_0006559	0.3272323965272088	0.8767872469434635	0.2204501987217317	uncertain	2023
miRNA-causes or contributes to condition-Disease	https://rnacentral.org/rna/URS000075D168_9606	http://purl.obolibrary.org/obo/MONDO_0005885	0.453759064269426	0.8767872469434635	0.2204501987217317	uncertain	2023
miRNA-causes or contributes to condition-Disease	https://rnacentral.org/rna/URS000075D1AE_9606	http://purl.obolibrary.org/obo/MONDO_0003139	0.2786664431692993	0.8767872469434635	0.2204501987217317	uncertain	2023
miRNA-causes or contributes to condition-Disease	https://rnacentral.org/rna/URS000075D261_9606	http://purl.obolibrary.org/obo/MONDO_0011751	0.8865337207492934	0.8767872469434635	0.2204501987217317	plausible	2023
miRNA-causes or contributes to condition-Disease	https://rnacentral.org/rna/URS000075D4B7_9606	http://purl.obolibrary.org/obo/MONDO_0011775	0.4815640525306562	0.8767872469434635	0.2204501987217317	uncertain	2023
miRNA-causes or contributes to condition-Disease	https://rnacentral.org/rna/URS000075D4B7_9606	http://purl.obolibrary.org/obo/MONDO_0015459	0.4861276630228683	0.8767872469434635	0.2204501987217317	uncertain	2023
miRNA-causes or contributes to condition-Disease	https://rnacentral.org/rna/URS000075D52C_9606	http://purl.obolibrary.org/obo/MONDO_0018076	0.6645066683318647	0.8767872469434635	0.2204501987217317	uncertain	2023
miRNA-causes or contributes to condition-Disease	https://rnacentral.org/rna/URS000075D59C_9606	http://purl.obolibrary.org/obo/MONDO_0005105	0.8472796973990744	0.8767872469434635	0.2204501987217317	uncertain	2023
miRNA-causes or contributes to condition-Disease	https://rnacentral.org/rna/URS000075D5A7_9606	http://purl.obolibrary.org/obo/MONDO_0005099	0.9189968145422864	0.8767872469434635	0.2204501987217317	plausible	2023
miRNA-causes or contributes to condition-Disease	https://rnacentral.org/rna/URS000075D629_9606	http://purl.obolibrary.org/obo/MONDO_0005580	0.807156994535892	0.8767872469434635	0.2204501987217317	uncertain	2023
miRNA-causes or contributes to condition-Disease	https://rnacentral.org/rna/URS000075D7AB_9606	http://purl.obolibrary.org/obo/MONDO_0005148	0.9424445280807234	0.8767872469434635	0.2204501987217317	plausible	2023
miRNA-causes or contributes to condition-Disease	https://rnacentral.org/rna/URS000075D7DB_9606	http://purl.obolibrary.org/obo/MONDO_0003659	0.8029884626806991	0.8767872469434635	0.2204501987217317	uncertain	2023
miRNA-causes or contributes to condition-Disease	https://rnacentral.org/rna/URS000075D7DB_9606	http://purl.obolibrary.org/obo/MONDO_0003660	0.8327760935767756	0.8767872469434635	0.2204501987217317	uncertain	2023
miRNA-causes or contributes to condition-Disease	https://rnacentral.org/rna/URS000075D7DB_9606	http://purl.obolibrary.org/obo/MONDO_0005062	0.7905177535448986	0.8767872469434635	0.2204501987217317	uncertain	2023
miRNA-causes or contributes to condition-Disease	https://rnacentral.org/rna/URS000075D8A0_9606	http://purl.obolibrary.org/obo/MONDO_0005502	0.9038625455330532	0.8767872469434635	0.2204501987217317	plausible	2023
miRNA-causes or contributes to condition-Disease	https://rnacentral.org/rna/URS000075D8A0_9606	http://purl.obolibrary.org/obo/MONDO_0009387	0.8608679294588149	0.8767872469434635	0.2204501987217317	uncertain	2023
miRNA-causes or contributes to condition-Disease	https://rnacentral.org/rna/URS000075D8A0_9606	http://purl.obolibrary.org/obo/MONDO_0012287	0.7136149424176297	0.8767872469434635	0.2204501987217317	uncertain	2023
miRNA-causes or contributes to condition-Disease	https://rnacentral.org/rna/URS000075D8A0_9606	http://purl.obolibrary.org/obo/MONDO_0016202	0.3888147901244353	0.8767872469434635	0.2204501987217317	uncertain	2023
miRNA-causes or contributes to condition-Disease	https://rnacentral.org/rna/URS000075D8A0_9606	http://purl.obolibrary.org/obo/MONDO_0018637	0.7196141586781768	0.8767872469434635	0.2204501987217317	uncertain	2023
miRNA-causes or contributes to condition-Disease	https://rnacentral.org/rna/URS000075D8A0_9606	http://purl.obolibrary.org/obo/MONDO_0018882	0.8491075441498803	0.8767872469434635	0.2204501987217317	uncertain	2023
miRNA-causes or contributes to condition-Disease	https://rnacentral.org/rna/URS000075DAC1_9606	http://purl.obolibrary.org/obo/MONDO_0005178	0.8823493930226896	0.8767872469434635	0.2204501987217317	plausible	2023
miRNA-causes or contributes to condition-Disease	https://rnacentral.org/rna/URS000075DC96_9606	http://purl.obolibrary.org/obo/MONDO_0004975	0.9096908437128488	0.8767872469434635	0.2204501987217317	plausible	2023
miRNA-causes or contributes to condition-Disease	https://rnacentral.org/rna/URS000075DC96_9606	http://purl.obolibrary.org/obo/MONDO_0005249	0.934178833655096	0.8767872469434635	0.2204501987217317	plausible	2023
miRNA-causes or contributes to condition-Disease	https://rnacentral.org/rna/URS000075DC96_9606	http://purl.obolibrary.org/obo/MONDO_0007088	0.9524809565216168	0.8767872469434635	0.2204501987217317	plausible	2023
miRNA-causes or contributes to condition-Disease	https://rnacentral.org/rna/URS000075DCE5_9606	http://purl.obolibrary.org/obo/MONDO_0005184	0.3326560354667855	0.8767872469434635	0.2204501987217317	uncertain	2023
miRNA-causes or contributes to condition-Disease	https://rnacentral.org/rna/URS000075DDE6_9606	http://purl.obolibrary.org/obo/MONDO_0005061	0.5599449233907796	0.8767872469434635	0.2204501987217317	uncertain	2023
miRNA-causes or contributes to condition-Disease	https://rnacentral.org/rna/URS000075DDE6_9606	http://purl.obolibrary.org/obo/MONDO_0018076	0.6728375981119585	0.8767872469434635	0.2204501987217317	uncertain	2023
miRNA-causes or contributes to condition-Disease	https://rnacentral.org/rna/URS000075DF7B_9606	http://purl.obolibrary.org/obo/MONDO_0002050	0.4409060100118185	0.8767872469434635	0.2204501987217317	uncertain	2023
miRNA-causes or contributes to condition-Disease	https://rnacentral.org/rna/URS000075DF7E_9606	http://purl.obolibrary.org/obo/MONDO_0008159	0.9012584307210318	0.8767872469434635	0.2204501987217317	plausible	2023
miRNA-causes or contributes to condition-Disease	https://rnacentral.org/rna/URS000075E150_9606	http://purl.obolibrary.org/obo/MONDO_0021042	0.8652597890181564	0.8767872469434635	0.2204501987217317	uncertain	2023
miRNA-causes or contributes to condition-Disease	https://rnacentral.org/rna/URS000075E150_9606	http://purl.obolibrary.org/obo/MONDO_0100342	0.8687224379654541	0.8767872469434635	0.2204501987217317	uncertain	2023
miRNA-causes or contributes to condition-Disease	https://rnacentral.org/rna/URS000075E379_9606	http://purl.obolibrary.org/obo/MONDO_0005058	0.8901191327663815	0.8767872469434635	0.2204501987217317	plausible	2023
miRNA-causes or contributes to condition-Disease	https://rnacentral.org/rna/URS000075E430_9606	http://purl.obolibrary.org/obo/MONDO_0005027	0.9357260045268893	0.8767872469434635	0.2204501987217317	plausible	2023
miRNA-causes or contributes to condition-Disease	https://rnacentral.org/rna/URS000075E432_9606	http://purl.obolibrary.org/obo/MONDO_0005068	0.8495555343416386	0.8767872469434635	0.2204501987217317	uncertain	2023
miRNA-causes or contributes to condition-Disease	https://rnacentral.org/rna/URS000075E432_9606	http://purl.obolibrary.org/obo/MONDO_0005298	0.7842584470821992	0.8767872469434635	0.2204501987217317	uncertain	2023
miRNA-causes or contributes to condition-Disease	https://rnacentral.org/rna/URS000075E4AE_9606	http://purl.obolibrary.org/obo/MONDO_0005192	0.7458071272247914	0.8767872469434635	0.2204501987217317	uncertain	2023
miRNA-causes or contributes to condition-Disease	https://rnacentral.org/rna/URS000075E4E5_9606	http://purl.obolibrary.org/obo/MONDO_0021117	0.9060991153118544	0.8767872469434635	0.2204501987217317	plausible	2023
miRNA-causes or contributes to condition-Disease	https://rnacentral.org/rna/URS000075E529_9606	http://purl.obolibrary.org/obo/MONDO_0005061	0.3997405535184428	0.8767872469434635	0.2204501987217317	uncertain	2023
miRNA-causes or contributes to condition-Disease	https://rnacentral.org/rna/URS000075E538_9606	http://purl.obolibrary.org/obo/MONDO_0005180	0.5533159718582004	0.8767872469434635	0.2204501987217317	uncertain	2023
miRNA-causes or contributes to condition-Disease	https://rnacentral.org/rna/URS000075E581_9606	http://purl.obolibrary.org/obo/MONDO_0021117	0.7007253252957386	0.8767872469434635	0.2204501987217317	uncertain	2023
miRNA-causes or contributes to condition-Disease	https://rnacentral.org/rna/URS000075E65F_9606	http://purl.obolibrary.org/obo/MONDO_0005130	0.2861683797111956	0.8767872469434635	0.2204501987217317	uncertain	2023
miRNA-causes or contributes to condition-Disease	https://rnacentral.org/rna/URS000075E848_9606	http://purl.obolibrary.org/obo/MONDO_0005178	0.8259588610599384	0.8767872469434635	0.2204501987217317	uncertain	2023
miRNA-causes or contributes to condition-Disease	https://rnacentral.org/rna/URS000075E848_9606	http://purl.obolibrary.org/obo/MONDO_0005178	0.8259588610599384	0.8767872469434635	0.2204501987217317	uncertain	2023
miRNA-causes or contributes to condition-Disease	https://rnacentral.org/rna/URS000075E848_9606	http://purl.obolibrary.org/obo/MONDO_0008559	0.6593120930523315	0.8767872469434635	0.2204501987217317	uncertain	2023
miRNA-causes or contributes to condition-Disease	https://rnacentral.org/rna/URS000075E904_9606	http://purl.obolibrary.org/obo/MONDO_0021667	0.8863610206615231	0.8767872469434635	0.2204501987217317	plausible	2023
miRNA-causes or contributes to condition-Disease	https://rnacentral.org/rna/URS000075EA26_9606	http://purl.obolibrary.org/obo/MONDO_0005266	0.8778390638834954	0.8767872469434635	0.2204501987217317	plausible	2023
miRNA-causes or contributes to condition-Disease	https://rnacentral.org/rna/URS000075EACC_9606	http://purl.obolibrary.org/obo/MONDO_0021117	0.4677530736177466	0.8767872469434635	0.2204501987217317	uncertain	2023
miRNA-causes or contributes to condition-Disease	https://rnacentral.org/rna/URS000075EC4B_9606	http://purl.obolibrary.org/obo/MONDO_0005452	0.753951211432146	0.8767872469434635	0.2204501987217317	uncertain	2023
miRNA-causes or contributes to condition-Disease	https://rnacentral.org/rna/URS000075ECB1_9606	http://purl.obolibrary.org/obo/MONDO_0001751	0.3528261729368313	0.8767872469434635	0.2204501987217317	uncertain	2023
miRNA-causes or contributes to condition-Disease	https://rnacentral.org/rna/URS000075ECB1_9606	http://purl.obolibrary.org/obo/MONDO_0007193	0.2628915439191157	0.8767872469434635	0.2204501987217317	uncertain	2023
miRNA-causes or contributes to condition-Disease	https://rnacentral.org/rna/URS000075ECD7_9606	http://purl.obolibrary.org/obo/MONDO_0005090	0.8868883641330503	0.8767872469434635	0.2204501987217317	plausible	2023
miRNA-causes or contributes to condition-Disease	https://rnacentral.org/rna/URS000075ECD7_9606	http://purl.obolibrary.org/obo/MONDO_0005366	0.8664714848626132	0.8767872469434635	0.2204501987217317	uncertain	2023
miRNA-causes or contributes to condition-Disease	https://rnacentral.org/rna/URS000075ED21_9606	http://purl.obolibrary.org/obo/MONDO_0018177	0.640798392326617	0.8767872469434635	0.2204501987217317	uncertain	2023
miRNA-causes or contributes to condition-Disease	https://rnacentral.org/rna/URS000075ED21_9606	http://purl.obolibrary.org/obo/MONDO_0020690	0.6530477103823169	0.8767872469434635	0.2204501987217317	uncertain	2023
miRNA-causes or contributes to condition-Disease	https://rnacentral.org/rna/URS000075EE47_9606	http://purl.obolibrary.org/obo/MONDO_0005366	0.90739955148401	0.8767872469434635	0.2204501987217317	plausible	2023
miRNA-causes or contributes to condition-Disease	https://rnacentral.org/rna/URS000075EF65_9606	http://purl.obolibrary.org/obo/MONDO_0004976	0.8992496902091605	0.8767872469434635	0.2204501987217317	plausible	2023
miRNA-causes or contributes to condition-Disease	https://rnacentral.org/rna/URS000075EFA3_9606	http://purl.obolibrary.org/obo/MONDO_0011775	0.8818952648008058	0.8767872469434635	0.2204501987217317	plausible	2023
miRNA-causes or contributes to condition-Disease	https://rnacentral.org/rna/URS000075EFA3_9606	http://purl.obolibrary.org/obo/MONDO_0015459	0.8848035890535746	0.8767872469434635	0.2204501987217317	plausible	2023
miRNA-causes or contributes to condition-Disease	https://rnacentral.org/rna/URS000075F01D_9606	http://purl.obolibrary.org/obo/MONDO_0004975	0.6251927548733908	0.8767872469434635	0.2204501987217317	uncertain	2023
miRNA-causes or contributes to condition-Disease	https://rnacentral.org/rna/URS000075F01D_9606	http://purl.obolibrary.org/obo/MONDO_0007088	0.6020181548563857	0.8767872469434635	0.2204501987217317	uncertain	2023
miRNA-causes or contributes to condition-Disease	https://rnacentral.org/rna/URS000079BE2A_9606	http://purl.obolibrary.org/obo/MONDO_0005366	0.5326608222863765	0.8767872469434635	0.2204501987217317	uncertain	2023
miRNA-causes or contributes to condition-Disease	https://rnacentral.org/rna/URS0000D558BA_9606	http://purl.obolibrary.org/obo/MONDO_0005580	0.3609681822194576	0.8767872469434635	0.2204501987217317	uncertain	2023
